nombre,dni,genero,pelicula,formato,precio,fecha_visita,Año,Género,Rating,Votos
Jennifer West,25167518,F,Verge of Deception,Normal,6.92,2026-03-30,2024.0,"Action,Crime,Thriller",,
Jacob Jones,93897552,M,Hoso Kinshi! Mondai no Shinrei Eizo 22,Normal,7.51,2026-07-05,2020.0,Horror,,
Travis Roth,23866433,M,Lambi Judai,Normal,6.47,2025-11-05,2025.0,Romance,7.7,8.0
Amber Johnson,45409139,F,Nadine,Normal,6.58,2026-04-16,2023.0,Thriller,,
Bruce Browning,30092625,M,We Go Deep,3D,13.43,2026-09-30,2021.0,"Comedy,Romance",,
Timothy Burch,98493027,M,California's Wild Coast,Normal,7.89,2026-05-13,2021.0,Documentary,,
Kimberly Hayes,71991263,F,Scene UnSeen,3D,10.05,2026-01-12,2021.0,"Documentary,Music",,
Ashley Compton,38767922,F,Close to Vermeer,Normal,8.99,2026-08-31,2023.0,Documentary,7.3,565.0
April Owens,35131730,F,The Last 58 Days,Normal,8.97,2026-02-11,2022.0,History,,
Luke Munoz,41577318,M,Life with Half a Brain,Normal,7.54,2026-05-21,2024.0,Documentary,,
Kathleen Russo,32623812,F,Hunting Ava Bravo,Normal,6.89,2025-12-05,2022.0,"Action,Thriller",4.2,769.0
April Prince,54916119,F,Acting Ndio Action,3D,11.19,2026-10-01,2022.0,Horror,,
James Arnold,96392121,M,One Act About Toilet Paper,Normal,6.29,2026-08-01,2022.0,Comedy,,
Steven Webb,75469733,M,Seetharaam Benoy Case Number Eighteen,Normal,8.51,2025-10-21,2021.0,Crime,6.5,2964.0
Thomas Williams,30240469,M,13 Letters,3D,10.72,2026-04-27,2021.0,"Comedy,Drama",,
Chelsea Walker,31574520,F,Rare Survivors: China's Iconic Wildlife,Normal,6.1,2025-10-15,2020.0,Documentary,8.2,6.0
Dawn Stafford,87805113,F,Gendai Kaiki Hyaku Monogatari: Chapter 2,Normal,6.49,2026-08-08,2020.0,Horror,,
William Collins,64807398,M,Boys at the Back,3D,10.29,2026-04-20,2024.0,Comedy,,
David Calhoun,56323138,M,Harano Prapti,Normal,6.27,2026-07-02,2020.0,"Crime,Drama",4.4,13.0
Susan Briggs,25997599,F,Wishes of the Blue Girl,3D,12.59,2026-01-28,2024.0,"Drama,Horror,Mystery",4.4,385.0
Cheryl Bentley,38636564,F,Blood Scales,3D,13.16,2026-01-13,2021.0,Documentary,,
Lori Clarke,39726212,F,Trafficked to Australia,3D,11.14,2026-07-16,2022.0,Documentary,,
Kristen Harris,29487214,F,His Land Is Yours,3D,10.3,2025-10-06,2024.0,Drama,,
Sarah Perez,46607612,F,Ummate Muhammadi: Ek Joddha Jatir Itihas,Normal,7.85,2026-05-27,2024.0,Documentary,8.2,5.0
Heather Hendrix,35712574,F,RAM: Rapid Action Mission,Normal,7.08,2026-02-19,2024.0,Drama,4.9,2089.0
Teresa Brown,49000283,F,"Earth, Wind & Fire (To Be Celestial vs. That's the Weight of the World)",3D,11.01,2026-08-28,2026.0,"Documentary,Music",7.6,887.0
Todd Graham,37088761,M,Entre la Tierra y el Cielo,Normal,8.57,2026-05-15,2025.0,Documentary,,
David Brown,61338370,M,Goldilocks,Normal,7.23,2026-08-19,2026.0,Documentary,,
Raymond Hall,45551660,M,A French Summer,Normal,8.94,2026-01-19,2023.0,"Comedy,Romance",6.0,1767.0
Natalie Jones,79984741,F,Body Cam,3D,13.22,2026-05-25,2020.0,"Horror,Mystery,Thriller",5.3,8650.0
Katherine Myers,31820925,F,Mother Daughter,3D,12.25,2026-05-08,2022.0,Drama,,
Katherine Myers,31820925,F,Mother Daughter,3D,12.25,2026-05-08,2020.0,Drama,,
Sydney Tate,85612182,F,A Way Back Home,Normal,6.92,2026-01-29,2021.0,Drama,3.4,9.0
Colleen Howell,84111518,F,Incoscienza giovanile,3D,11.54,2025-11-07,2024.0,Drama,,
Mark Glass,98915505,M,Branded by Fire,Normal,8.47,2026-01-22,2021.0,Drama,8.5,12.0
Adam Boyd,68098609,M,As Perennial as the Grass,3D,10.1,2025-10-23,2024.0,Drama,,
Kenneth Smith,95299829,M,Hexameron,3D,14.0,2026-06-10,2025.0,Drama,,
Ryan Miller,13987405,M,A toast to forever,3D,13.41,2026-08-01,2023.0,Romance,,
Reginald Cabrera,30914759,M,Fender Benderz,3D,11.03,2026-01-19,2021.0,"Adventure,Animation",,
Kimberly Shaffer,70494765,F,Sag Band,Normal,8.55,2026-09-04,2022.0,"Comedy,Drama",3.3,684.0
Blake Rodgers,38155736,M,Ukraine Mon Amour,3D,10.02,2025-10-19,2024.0,"Comedy,Drama,Family",,
Barbara Pena,68142260,F,In the Shadow of Guilt,3D,11.59,2026-05-01,2022.0,Drama,4.0,11.0
Paige Love,95057321,F,The Battle Flags of Michigan,Normal,8.77,2026-01-25,2025.0,Documentary,,
William Anderson,35523463,M,Randy McGlenn,Normal,7.93,2026-07-16,2020.0,Documentary,,
Cassandra Garcia,99846275,F,Na svetu nista lepse ne moze da postoji,Normal,7.8,2026-05-10,2025.0,Documentary,,
Brian White,21339944,M,Slasher summer,Normal,6.81,2026-05-20,2026.0,Horror,,
Jacqueline Hogan,23318648,F,Trinity's Triumph,Normal,6.34,2026-07-29,2023.0,Drama,7.2,31.0
Alexis Macias,42723365,F,Apocalypse A-Go-Go,Normal,6.43,2026-07-26,2021.0,Drama,5.7,41.0
Victoria Hughes,14632187,F,The Modern Flat,3D,13.67,2026-02-16,2023.0,Documentary,5.9,11.0
Jason Moore,85411437,M,Roger Corman: The Pope of Pop Cinema,Normal,7.91,2026-04-01,2021.0,Documentary,7.2,160.0
Scott Meyer,38729419,M,The Middle Men,3D,13.96,2025-12-08,2021.0,"Comedy,Crime",8.1,31.0
Nancy Schwartz,72410953,F,Fabios Reise,Normal,6.91,2026-08-24,2025.0,"Crime,Drama",,
Zoe Cabrera,19173994,F,1995,3D,11.3,2025-12-09,2024.0,Comedy,6.9,747.0
Nathaniel Tapia,18307873,M,The Dividers,Normal,8.89,2026-02-06,2023.0,Documentary,6.6,45.0
Brittney Gomez,19402008,F,Ice Orathi,3D,10.68,2026-04-14,2021.0,Drama,6.0,52.0
Catherine Payne,82544356,F,Their Uncle,Normal,6.85,2026-01-22,2022.0,"Action,Comedy",5.5,1305.0
Daniel Aguirre,65883234,M,A Mosquito's Tale,Normal,7.93,2026-04-23,2020.0,Documentary,,
Christopher Wilson,46106314,M,Billionaire Husband or Nothing,3D,12.64,2025-11-01,2025.0,Drama,,
Darlene Williams,73203948,F,Don't Pull Out,Normal,8.17,2025-10-31,2022.0,Adult,,
John Henderson,63795021,M,Born to Raise Hell 2020,3D,13.94,2025-11-22,2021.0,Thriller,6.7,17.0
Paige Murphy,41083559,F,Álbum em Família,Normal,7.02,2025-10-11,2022.0,Comedy,5.0,22.0
Ryan Brown,95222687,M,Rhod Gilbert: A Pain in the Neck for SU2C,Normal,8.2,2026-10-04,2023.0,Documentary,8.2,48.0
Whitney Cox,72320822,F,Noise in the Middle,Normal,7.65,2026-03-05,2020.0,"Horror,Mystery,Thriller",4.3,300.0
Jill Martin,76493262,F,Mentor,Normal,6.33,2026-03-02,2020.0,Comedy,7.4,102.0
Jill Martin,76493262,F,Mentor,Normal,6.33,2026-03-02,2026.0,"Drama,Thriller",,
Matthew Sanchez,46779360,M,Cloud States,Normal,8.24,2026-07-23,2025.0,Drama,,
Cristina Wagner,23680802,F,Palayam PC,Normal,6.05,2025-12-22,2024.0,"Drama,Family",7.2,3326.0
Katherine Fox,24383361,F,High Wire,Normal,8.9,2026-09-03,2020.0,"Documentary,History",8.0,25.0
Katherine Fox,24383361,F,High Wire,Normal,8.9,2026-09-03,2025.0,"Comedy,Drama,Family",7.4,35.0
Hannah Jones,79200630,F,A Proper Victorian Christmas,3D,10.29,2026-02-18,2022.0,Comedy,,
Robert Pearson,38935072,M,Out,3D,13.4,2026-05-31,2024.0,Drama,6.7,249.0
Robert Pearson,38935072,M,Out,3D,13.4,2026-05-31,2023.0,"Action,Drama",6.4,126.0
Robert Pearson,38935072,M,Out,3D,13.4,2026-05-31,2024.0,Documentary,,
Robert Pearson,38935072,M,Out,3D,13.4,2026-05-31,2026.0,"Drama,Mystery,Thriller",,
Robert Pearson,38935072,M,Out,3D,13.4,2026-05-31,2026.0,Documentary,,
Nicole Roberts,82325617,F,Merise Merise,3D,12.76,2025-11-13,2021.0,Romance,6.2,767.0
Kelly Mason,35804024,F,Sapa Meets Japa,3D,11.09,2026-03-21,2023.0,Comedy,,
Carol Hart,65632181,F,Karaoke from Hell,3D,13.48,2026-08-25,2025.0,Documentary,,
Jacqueline Stewart,23885477,F,Sound of Berberia,3D,11.28,2025-11-12,2023.0,"Adventure,Music",8.9,14.0
Nicholas Quinn,70661317,M,OSS 117: From Africa with Love,3D,11.57,2026-04-20,2021.0,"Action,Comedy",5.8,7064.0
James Gibson,35755315,M,Thumbi Maaya (The Mirage of Dragonfly) -,Normal,7.19,2025-12-10,2020.0,Drama,7.5,16.0
William Schaefer,57810324,M,Ugly Love,Normal,8.22,2026-04-15,2024.0,Drama,,
Jessica Russell,22665579,F,Embrace the EDGE: Nuke Road,3D,13.42,2025-12-18,2025.0,Sci-Fi,,
Antonio Hanson,78503369,M,Bremen,3D,11.25,2025-12-12,2024.0,,,
Christopher Stewart,34351870,M,Mang Kepweng: The Mystery of the Black Scarf,3D,11.13,2025-10-28,2020.0,"Comedy,Fantasy,Horror",7.8,61.0
Kyle House,34681663,M,Gorbatchov et la fin de l'empire soviétique,3D,11.38,2026-01-02,2022.0,Documentary,,
Mary Callahan,83495817,F,Ace,3D,11.99,2026-02-14,2020.0,"Comedy,Romance",2.9,125.0
Mary Callahan,83495817,F,Ace,3D,11.99,2026-02-14,2025.0,"Action,Comedy,Crime",6.5,5907.0
Rachael Phillips,21216084,F,Shirley's Eyeball,3D,13.21,2025-12-30,2023.0,Horror,7.4,6.0
Jamie Sandoval,83196523,F,Radio Theatre for Your Soul - A Docu-Story,3D,13.48,2026-07-20,2021.0,Documentary,,
Timothy Gilmore,45408526,M,Tom & Jerry,Normal,7.82,2026-03-08,2021.0,"Adventure,Animation,Comedy",5.3,43948.0
Marissa Lawrence,20836186,F,Tripoli/A Tale of Three Cities,3D,11.03,2026-03-29,2024.0,Documentary,,
Katherine Stewart,48462208,F,Kim Kahana: The Man who changed Hollywood,Normal,7.29,2025-12-01,2023.0,Documentary,,
Ashley Ward,99579185,F,ParlaNchíno Ateo: Errorista Comunista 46,Normal,7.35,2026-01-11,2023.0,Comedy,,
Melanie Roberts,47534972,F,Deep,3D,10.85,2025-12-07,2021.0,"Drama,Mystery,Sci-Fi",5.0,2135.0
Melanie Roberts,47534972,F,Deep,3D,10.85,2025-12-07,2020.0,Drama,,
Melanie Roberts,47534972,F,Deep,3D,10.85,2025-12-07,2022.0,Drama,,
Melanie Roberts,47534972,F,Deep,3D,10.85,2025-12-07,2025.0,Drama,,
Monica Harvey,88450541,F,Unknown Dimension: The Story of Paranormal Activity,3D,11.73,2026-04-03,2021.0,"Documentary,Drama,Fantasy",6.9,409.0
Robin Watts,68113418,F,Kaapa,3D,10.98,2026-05-21,2022.0,"Action,Crime,Thriller",5.8,6688.0
Joseph Moore,46830997,M,Unten - Im Ortsverein,Normal,8.42,2025-10-08,2025.0,Documentary,,
Anthony Ford,54706250,M,La cárcel Maldita,Normal,8.76,2025-12-09,2024.0,Horror,5.4,7.0
Joseph Phillips,47843854,M,Goodbye My Car,Normal,7.38,2026-05-10,2026.0,,,
Lisa Gray,22342875,F,Booger,Normal,6.62,2026-08-19,2023.0,"Comedy,Fantasy,Horror",4.3,547.0
Anita Sanchez,93779609,F,The Blade of Wind,3D,11.87,2026-02-14,2020.0,"Action,Adventure,Fantasy",6.5,104.0
Bruce Lewis,11911822,M,Just A Girl,3D,11.48,2026-03-05,2026.0,Drama,,
Jeffrey Rice DDS,68156244,M,Burning Man: Ashes to Ashes,Normal,6.68,2026-05-14,2022.0,"Documentary,History",,
Mary Rosario,69546987,F,Seventeen,Normal,6.59,2026-05-10,2026.0,Drama,,
Kevin Ortega,98822542,M,La Princesa,Normal,8.25,2026-02-01,2022.0,Action,8.1,47.0
Blake Gilbert,87469119,M,Gateway to Sin,3D,12.29,2026-06-30,2026.0,Thriller,,
Brandon Hall,53292200,M,Finding Satoshi,3D,13.47,2026-04-16,2026.0,Documentary,7.2,222.0
Robert Moore,65603980,M,Bornity,Normal,6.02,2026-08-18,2020.0,Drama,,
Catherine Jones,90120870,F,Maantrika,3D,13.73,2026-02-21,2024.0,Thriller,8.9,272.0
Ryan Petty,54175753,M,Reveries: The Mind Prison,Normal,7.06,2025-12-23,2025.0,Comedy,7.2,25.0
Angela Ross,23478206,F,The Crimes of Santa Claus,3D,13.09,2026-05-16,2024.0,Comedy,,
Brian Rodriguez,19310543,M,Crush Kong Curly,3D,12.39,2026-04-17,2021.0,"Comedy,Romance",4.7,362.0
Tammy Smith,23533424,F,The Real Derry: Jamie-Lee O'Donnell,Normal,6.24,2026-01-13,2022.0,Documentary,7.8,75.0
Jennifer Brown,69348025,F,Flower Powder,Normal,8.58,2026-05-29,2022.0,"Comedy,Crime",,
Stephen Bennett,27990407,M,Kommissar Jennerwein - Hochsaison,Normal,6.13,2026-08-11,2026.0,"Comedy,Crime",,
Amy Drake,93269576,F,Tropicmania,3D,10.24,2026-05-29,2025.0,Comedy,,
William Wilcox,76078879,M,El App,Normal,8.77,2026-05-28,2022.0,"Action,Crime,Drama",5.8,46.0
Lance Glass,84079322,M,Sail to Survive,3D,12.23,2026-08-18,2026.0,"Documentary,Sport",,
Howard Jones,63131165,M,The Wicked Path,Normal,8.6,2026-04-25,2022.0,"Action,Adventure,Drama",7.1,20.0
Whitney Cruz,87390387,F,Mit eigenen Augen,3D,12.35,2026-02-18,2020.0,Documentary,3.3,8.0
Joseph Torres,32044714,M,From Wall Street to Bay Street,Normal,6.99,2026-04-17,2022.0,Documentary,,
Jason Brewer,87822284,M,The Lost City,3D,13.65,2025-12-18,2022.0,"Action,Adventure,Comedy",6.1,179789.0
Robert Reed,16909974,M,26.2 to Life,3D,12.57,2026-03-23,2022.0,Documentary,7.6,294.0
Noah Williamson,69023927,M,Shedim,3D,13.87,2025-12-27,2020.0,Horror,5.2,137.0
Ronald Allen,48810420,M,Nico,Normal,7.71,2026-05-20,2021.0,Drama,6.1,163.0
Ronald Allen,48810420,M,Nico,Normal,7.71,2026-05-20,2024.0,"Crime,Mystery,Thriller",8.0,55.0
Ronald Allen,48810420,M,Nico,Normal,7.71,2026-05-20,2026.0,Horror,,
Ryan Johnson,16359935,M,Reality (from the Album 'Reality Kings'),3D,13.27,2026-03-09,2022.0,Music,,
Jessica Case,40646614,F,Living and Dying in America: An Indispensable Healthcare Workshop,Normal,6.36,2026-08-22,2021.0,,,
Sandra Rodriguez,95066886,F,Work(ing Together) in Process,3D,11.77,2026-09-30,2025.0,"Comedy,Documentary",,
Patricia Young,86022674,F,A Teenage Tragedy,3D,13.95,2026-03-26,2025.0,"Drama,Horror,Thriller",5.9,15.0
Lee Griffin,85491888,M,Can You Hear Me?,3D,12.85,2025-12-17,2024.0,"Mystery,Romance",4.7,127.0
Jessica Lang,91895904,F,The Hit: An Investigative Documentary,3D,11.59,2026-01-15,2022.0,Documentary,4.6,46.0
Michael Hernandez,58295535,M,Like Aani Subscribe,3D,10.46,2026-03-02,2024.0,Mystery,7.1,6247.0
Shawn Mccarthy,29080845,M,Verified,3D,11.06,2026-05-03,2024.0,"Drama,Horror,Mystery",5.4,12.0
Jason Hickman,21734755,M,Underwater: Federica Pellegrini,3D,10.79,2026-03-18,2022.0,Documentary,6.5,158.0
Miss Barbara Logan,69605077,F,Hannah's Story,Normal,8.74,2026-08-14,2025.0,Documentary,,
Jocelyn Paul,18851456,F,60 Days,Normal,7.09,2026-04-06,2023.0,Drama,5.3,6.0
Curtis Chavez,58286174,M,De Acuerdo,Normal,7.78,2026-02-19,2024.0,Drama,,
Tim Gray,77018220,M,Bigfoot Evidence: Oregon,Normal,6.97,2026-04-18,2024.0,Documentary,6.7,35.0
Alex King,59190864,M,Zerobaseone: The First Tour (Timeless World),Normal,8.64,2026-05-23,2025.0,,9.1,12.0
Joshua Gross,94199409,M,Shies from the Sorrow,Normal,8.96,2025-12-24,2023.0,Documentary,,
Gerald Martinez,54296078,M,"No Risk, No Gain: The Sisters of Saint Francis of Philadelphia",3D,10.38,2026-03-06,2025.0,Documentary,,
James Rodriguez,96912969,M,The Sleeping Female Figures of Athens 1st Cemetery,Normal,6.54,2026-06-04,2025.0,Documentary,,
Toni Munoz,80983348,F,The Last Temptation of the Belgians,Normal,6.57,2026-01-26,2021.0,Comedy,6.0,59.0
Dominique Howard,25228148,F,Never Better,3D,11.07,2026-09-26,2022.0,"Comedy,Drama",4.3,158.0
John Lynch,78867859,M,Distance/La vida confinada,3D,10.58,2026-01-12,2021.0,Documentary,,
Darryl Diaz,27909540,M,Good Madam,Normal,8.39,2025-12-14,2021.0,Horror,5.2,561.0
Steven Peterson,50018985,M,Tebelah,3D,10.94,2026-07-24,2024.0,Comedy,,
Michael Sanders,61641613,M,Capel Green,3D,13.57,2026-06-01,2025.0,"Documentary,Drama",5.8,10.0
Emily Russo MD,67669236,F,Men: women - one on one,3D,13.27,2026-04-10,2022.0,Documentary,,
Austin Carter,46583890,M,"Jose's Story - Immigration, Art, Love",Normal,6.8,2025-10-24,2026.0,Documentary,,
Jessica Coleman,16869145,F,Road Trippin II: Murphy to Manteo,Normal,7.76,2025-10-14,2022.0,Documentary,,
Ashley Cole,69119231,F,Long Live King David,3D,10.38,2026-02-16,2020.0,Documentary,,
Jonathan Williams,16953868,M,The Choir and Conductor,Normal,6.66,2026-03-06,2022.0,Documentary,,
Jonathan Rivera,90472174,M,The Sim Racer,3D,11.41,2026-03-20,2022.0,"Comedy,Drama",4.3,93.0
Elizabeth Newton,34539644,F,Akrasia,Normal,6.47,2026-07-17,2020.0,,,
Gabriela Davis,42434031,F,Timeless Tidings of Joy,3D,11.1,2026-10-01,2025.0,"Drama,Romance",6.7,574.0
Nicholas Harrison,20326383,M,Sleeping at Last: Light Carries On,Normal,6.28,2025-10-17,2026.0,Documentary,,
Scott Massey,68806062,M,Arisaka,Normal,8.58,2026-02-17,2021.0,"Action,Thriller",5.6,671.0
Daniel Long,32593462,M,Borderlands Jaguar,3D,13.72,2026-04-07,2026.0,Documentary,6.7,23.0
Kristin Morris,52846003,F,The Averages,3D,11.77,2025-10-27,2023.0,Comedy,3.4,12.0
Stacey Hunter,88995889,F,Ibelin,3D,13.54,2025-10-28,2027.0,"Biography,Drama",,
Alicia Martin,82942920,F,En nombre de otro,Normal,8.43,2026-02-28,2026.0,Thriller,,
Debra Hall,85323997,F,Mallorca Confidencial,3D,13.85,2025-12-13,2026.0,,5.6,75.0
Mary Smith,11364160,F,I Am Love,Normal,6.96,2025-11-06,2021.0,"Drama,Family",,
Mary Smith,11364160,F,I Am Love,Normal,6.96,2025-11-06,2024.0,Romance,,
Martin Mullins,37681577,M,The Royal Love Story: Charles & Camilla,3D,10.11,2026-05-24,2024.0,Documentary,,
Jessica Dunn,20019644,F,Reed's Revenge,Normal,6.45,2026-04-12,2023.0,"Drama,Western",,
Daniel Henry DDS,34036770,M,O! Melodious Movie: Side 1,Normal,8.4,2025-12-28,2022.0,"Adventure,Comedy,Family",,
Dawn Walsh,60681441,F,Listyev. A New Vzglyad,3D,12.1,2026-03-03,2020.0,"Biography,Documentary,History",5.9,52.0
Alan Parker,70991207,M,The Creeps,Normal,7.05,2026-09-16,2025.0,"Action,Comedy,Fantasy",4.3,564.0
Alan Parker,70991207,M,The Creeps,Normal,7.05,2026-09-16,2023.0,Horror,3.5,54.0
James Smith,36878038,M,Falaq,Normal,6.02,2025-11-24,2025.0,"Action,Drama,Thriller",8.3,10.0
Robert Flores,73099726,M,Despair and Defiance: The Battle for Ukraine,3D,10.55,2026-08-11,2022.0,Documentary,7.6,7.0
Shawna Warren,94753362,F,Justicia Por Propio Mano La Heredera Del Honor,3D,12.49,2026-02-10,2026.0,Drama,,
Christina Smith,46171295,F,KMK: A Documentary of Kwame Kilpatrick,Normal,8.59,2026-04-11,2021.0,Documentary,,
Daniel Williams,43274351,M,The Road to Redemption,Normal,7.25,2026-09-15,2024.0,"Documentary,War",,
James Thompson,13695647,M,Yellow Sunglasses,Normal,8.92,2026-04-22,2020.0,Comedy,7.0,54.0
Edwin Carter,18422906,M,Office Secrets,Normal,8.9,2026-02-03,2023.0,Drama,,
Edwin Carter,18422906,M,Office Secrets,Normal,8.9,2026-02-03,2025.0,Drama,9.0,11.0
Ashley Edwards,99316785,F,Henry,Normal,8.07,2025-11-22,2025.0,Thriller,,
Ricardo Caldwell,13612426,M,The Queen and the Traitor: A Great British Scandal,3D,11.84,2025-11-22,2025.0,Documentary,7.5,21.0
Carolyn Rogers,75934449,F,Making the Mystics: An Artistic Ceremony Documentary,3D,12.54,2026-09-25,2023.0,Documentary,,
Alyssa Hudson,41518323,F,El Inicio/The Beginning,Normal,8.05,2026-05-30,2025.0,Drama,,
Madison Jackson,62516366,F,Agent of Death,3D,13.4,2025-10-28,2023.0,"Action,Sci-Fi,Thriller",4.7,548.0
Bradley Chen,33918110,M,Príapo,3D,12.43,2025-12-29,2020.0,History,,
Michael Bell,61050050,M,Truth or Dare,3D,12.2,2026-05-14,2021.0,Thriller,5.4,14.0
Michael Bell,61050050,M,Truth or Dare,3D,12.2,2026-05-14,2024.0,Documentary,5.3,34.0
Michael Bell,61050050,M,Truth or Dare,3D,12.2,2026-05-14,2023.0,Drama,,
Michael Bell,61050050,M,Truth or Dare,3D,12.2,2026-05-14,2025.0,Documentary,7.6,19.0
Michael Bell,61050050,M,Truth or Dare,3D,12.2,2026-05-14,2023.0,Drama,,
Shane Kerr,20499151,M,Mujh Ko Pata Hai,Normal,8.63,2026-03-08,2022.0,Romance,,
David Freeman,44840808,M,Timepass 3,3D,12.44,2026-08-11,2022.0,"Drama,Romance",5.8,464.0
Veronica Kirk,20186814,F,The Ram of Iron,3D,12.52,2026-04-22,2026.0,Drama,,
Christina Cook,59572684,F,The North Side Killer,3D,13.15,2026-02-15,2024.0,Thriller,,
Nicole Craig,81595222,F,Legends of Istanbul: A New Musical,3D,11.81,2026-08-06,2025.0,"Fantasy,Music",,
Matthew Gentry,17669108,M,Balthazar and I,Normal,7.37,2025-11-21,2021.0,Comedy,,
Denise Garcia,85285372,F,The Dead Rose,Normal,7.41,2026-01-02,2027.0,Thriller,,
Caroline Williams,92097914,F,"Crossroads: 6 Shorts About Love, Pain, Passion and Joy",Normal,7.99,2026-01-24,2020.0,Drama,,
Jessica Finley,27245916,F,Grandpa Must Obey,3D,13.57,2026-08-31,2025.0,Comedy,,
Seth Taylor,93177437,M,La théorie du boxeur,Normal,7.21,2026-04-09,2024.0,Documentary,6.6,6.0
Joshua Stevens,27155003,M,The Kidnapping of Arabella,3D,13.01,2026-01-26,2025.0,"Comedy,Crime,Drama",5.7,303.0
David Martin,35609236,M,Operation Star,Normal,7.9,2026-08-12,2024.0,"Action,History,War",7.8,26.0
Stephanie Davis,75092116,F,Season's Feelings,Normal,7.87,2026-09-12,2021.0,Drama,,
Mr. Scott Bernard DVM,80461685,M,From the North Side,3D,10.45,2026-08-04,2021.0,Documentary,,
Alexis Cole,14099358,M,Im Rhythmus der Zeit,Normal,6.43,2026-03-18,2023.0,Documentary,,
Gregory Newman,61275437,M,The Unforgivable,3D,12.01,2026-06-17,2021.0,"Crime,Drama,Mystery",7.2,130093.0
Gregory Newman,61275437,M,The Unforgivable,3D,12.01,2026-06-17,2026.0,Thriller,,
Nancy Carter,40463757,F,Seize the Night,Normal,8.06,2026-08-19,2022.0,"Drama,Thriller",5.5,133.0
Janet Burke,51019538,F,Serreh,3D,10.71,2026-09-03,2024.0,Documentary,,
Katherine Fisher,44788143,F,Song of the South,3D,11.05,2026-09-29,2023.0,Musical,,
Katherine Fisher,44788143,F,Song of the South,3D,11.05,2026-09-29,2023.0,"Drama,War",6.1,471.0
Kelly Robinson,86503109,M,Vich Bolunga Tere,Normal,6.11,2026-06-24,2022.0,Comedy,7.5,328.0
Mark Jones,18363775,M,Una Mujer Violenta,Normal,7.42,2025-11-29,2021.0,Action,,
Brian Hayes IV,86224660,M,Smile,Normal,8.34,2025-10-23,2022.0,"Horror,Mystery,Thriller",6.5,250068.0
Brian Hayes IV,86224660,M,Smile,Normal,8.34,2025-10-23,2022.0,Horror,4.4,158.0
Brian Hayes IV,86224660,M,Smile,Normal,8.34,2025-10-23,2022.0,Drama,,
Brian Hayes IV,86224660,M,Smile,Normal,8.34,2025-10-23,2022.0,Drama,6.6,61.0
Brian Hayes IV,86224660,M,Smile,Normal,8.34,2025-10-23,2022.0,"Comedy,Drama",4.4,177.0
Phyllis Cole,46429074,F,Ghodwa,3D,11.4,2026-03-17,2021.0,Drama,6.3,248.0
Dr. Greg Bailey MD,33320771,M,Detroiters,3D,11.83,2025-12-27,2022.0,Documentary,,
Maria Thompson,47827242,F,Diario de cuarentona,Normal,8.17,2026-06-20,2022.0,"Comedy,Drama,History",,
Valerie White MD,15442971,F,The Long Voyage of the Yellow Bus,3D,11.71,2026-07-24,2023.0,,7.4,17.0
Sara Craig,28204507,F,Barbitch,3D,10.63,2025-12-20,2024.0,Documentary,7.6,5.0
Cody Blackwell,22677234,M,Tu Aahes Tari Kon...?,Normal,7.64,2026-05-18,2022.0,Romance,,
Jamie Marshall,97900362,F,Fire Breather,Normal,8.49,2026-05-17,2025.0,Adventure,3.8,32.0
Gregory Hernandez,47855259,M,"Mother, May I?",3D,12.56,2026-06-16,2023.0,"Horror,Thriller",5.0,2941.0
Derek Jones,77421380,M,Chase,Normal,7.96,2026-08-14,2023.0,Documentary,,
Derek Jones,77421380,M,Chase,Normal,7.96,2026-08-14,2026.0,"Action,Thriller",,
Derek Jones,77421380,M,Chase,Normal,7.96,2026-08-14,2022.0,"Crime,Mystery,Thriller",7.5,1699.0
Miranda Harrison,47669489,F,Polizeyposchtä Feyf,Normal,7.88,2026-08-09,2025.0,Comedy,,
Wendy Walker,53148551,F,Screwdriver,3D,13.43,2026-05-16,2023.0,Thriller,4.8,91.0
Wendy Walker,53148551,F,Screwdriver,3D,13.43,2026-05-16,2020.0,Horror,3.6,75.0
Michael Griffin,17673363,M,From Stress to Happiness,3D,13.26,2026-03-17,2020.0,Documentary,6.2,433.0
Crystal Collins,41237390,F,Baked by Grace,3D,11.0,2025-10-15,2022.0,Documentary,,
Janet Gregory,25079587,F,Dhoboli,Normal,6.21,2025-10-06,2025.0,Family,,
Ronald Wright,44437275,M,Hide and Seek,Normal,6.79,2026-04-06,2021.0,Documentary,7.2,60.0
Ronald Wright,44437275,M,Hide and Seek,Normal,6.79,2026-04-06,2024.0,Action,7.7,59.0
Ronald Wright,44437275,M,Hide and Seek,Normal,6.79,2026-04-06,2024.0,Horror,4.7,11.0
Ronald Wright,44437275,M,Hide and Seek,Normal,6.79,2026-04-06,2024.0,Horror,4.8,190.0
Ronald Wright,44437275,M,Hide and Seek,Normal,6.79,2026-04-06,2021.0,"Mystery,Thriller",4.2,1331.0
Kim Schaefer,74212793,F,Losing Faith,Normal,6.78,2025-11-22,2023.0,Drama,4.5,9.0
Kim Schaefer,74212793,F,Losing Faith,Normal,6.78,2025-11-22,2023.0,"Action,Drama,Romance",6.6,14.0
Shawn Weiss,41327660,M,Aucun signe de faiblesse,3D,10.54,2025-11-08,2026.0,Documentary,,
Caroline Bass,90071080,F,Seriously Single Too,3D,12.79,2026-05-26,2026.0,Drama,,
Nancy Allison,31629319,F,A State of Mind,3D,11.12,2025-12-21,2021.0,Drama,7.1,45.0
Andrew Blackwell,20465829,M,Aux âmes Patriotes,Normal,6.89,2026-07-27,2025.0,Action,,
James Smith,22555682,M,Sankeerthana,Normal,6.59,2025-11-20,2026.0,"Drama,History",,
Rodney Odonnell,63012559,M,Si Loin de l'Enfer,Normal,8.02,2026-08-25,2022.0,Documentary,,
Jonathan Smith,15487922,M,All for Diego,Normal,8.14,2026-04-20,2021.0,Drama,8.1,22.0
Anna Hughes,69562782,F,Stormy Romance,3D,13.57,2026-06-19,2024.0,Drama,,
Dawn Martin,50454104,F,Ruhani Rahibar- Sachho Satram,3D,11.99,2026-07-05,2021.0,Biography,,
Mrs. Amy Thomas,62192384,F,Bye Bye Kitty,3D,11.01,2026-07-07,2024.0,"Comedy,Fantasy",5.1,12.0
Richard Newton,59331556,M,Love in the Time of the Pandemic,3D,11.44,2026-08-25,2021.0,Documentary,8.0,13.0
Stacie Young,80325690,F,The Lick,3D,13.78,2026-02-13,2024.0,Crime,9.1,12.0
Elizabeth Pierce,82169057,F,Toni & prietenii sai,Normal,6.56,2026-04-12,2020.0,Drama,7.9,52.0
Amanda Vaughan,22082049,F,Krista,3D,12.88,2026-09-01,2024.0,"Crime,Drama,Romance",5.2,98.0
Jamie Figueroa,38088801,M,Girgiti,Normal,8.25,2026-06-22,2025.0,Mystery,,
Anthony Miles,40417416,M,To Beman,Normal,6.99,2026-08-31,2023.0,,,
Sandra Turner,30988443,F,How Deep Is Your Love,Normal,8.0,2026-04-26,2020.0,"Drama,Mystery,Romance",,
Sandra Turner,30988443,F,How Deep Is Your Love,Normal,8.0,2026-04-26,2025.0,Documentary,7.8,104.0
Jill Ross,74126099,F,"Armenia, My Home",Normal,6.84,2026-02-10,2024.0,Documentary,6.4,52.0
Donald Davis,70080476,M,Migraaaants,Normal,7.21,2026-03-27,2020.0,,,
Ashley Merritt,47197704,F,Tequila y Ron,3D,10.22,2026-04-21,2021.0,Musical,,
Jeffrey Miller,85021128,M,Blew,Normal,8.11,2026-05-29,2020.0,Horror,,
Scott Monroe,69970406,M,Treasure Box,3D,12.21,2026-03-01,2021.0,"Drama,Thriller",5.5,35.0
Dominique Graham,51098105,F,Get the Irishman,Normal,7.74,2026-03-05,2021.0,Drama,,
Jesus Schmidt,29535100,M,Paper Line,Normal,8.21,2026-02-11,2022.0,Action,7.2,30.0
Timothy Cline,19501314,M,A League of Extraordinary Makers,Normal,6.33,2025-10-06,2022.0,Documentary,,
Leslie Henderson,94375645,F,Komt Dat Komt,Normal,6.22,2026-08-10,2021.0,"Comedy,Mystery",,
Brenda Shaffer,39965967,F,Cybersatan Apocalypse Nightmares,Normal,7.87,2025-11-21,2021.0,Mystery,5.4,8.0
Sonia Jenkins,23139163,F,Maa Samaleswari,3D,11.54,2026-06-25,2021.0,History,,
Seth Daniels,23800851,M,MAIS - Ziza Fernandes,Normal,6.44,2026-09-23,2024.0,Documentary,,
Steven Barnes,20914379,M,Ghoda Dhai Kadam,3D,12.98,2025-10-26,2023.0,"Action,Drama,Family",6.6,40.0
Jessica White,21642829,F,Musicophilia,Normal,8.78,2026-04-13,2021.0,Drama,4.4,6.0
Sandra Hopkins,28461337,F,Kargal Nights,Normal,6.18,2026-03-11,2022.0,"Crime,Thriller",,
Rebecca Barnett,80868874,F,"Sex, Religion & a Mannequin",3D,12.08,2025-12-31,2026.0,Drama,,
Christine Ford,16770537,F,The Last Days of Bablo,Normal,7.1,2026-04-01,2022.0,"Comedy,Drama,Musical",7.7,59.0
Katrina Mcgee,60136694,F,Cholay,Normal,7.29,2026-01-23,2024.0,"Action,Comedy,Drama",8.8,171.0
Heidi Perkins,47916692,F,Atlético de Madrid vs FC Barcelona,Normal,8.88,2026-01-12,2021.0,,,
Amanda Cook,52288129,F,Power of the People,3D,11.22,2026-06-23,2022.0,Documentary,7.7,7.0
Matthew Arias,29648706,M,Carna an Cheoil & na nAmhrán,3D,11.92,2026-06-10,2025.0,Documentary,,
Marie Wright,53916436,F,The Mercy for Animals Gala,3D,10.14,2026-01-18,2022.0,,,
Alyssa Austin,68224643,F,Lunga vita alla vita!,Normal,7.25,2026-05-03,2021.0,Documentary,8.9,9.0
Ricky Johnson,85548000,M,"Mi Cuna, My Cuba. The Story of Constante Ribalaigua. The King of Cocktails",Normal,6.9,2026-06-28,2026.0,Documentary,,
James Reese,57590841,M,Trust Me,3D,13.07,2026-08-30,2020.0,Documentary,7.5,55.0
James Reese,57590841,M,Trust Me,3D,13.07,2026-08-30,2021.0,"Biography,Documentary",6.6,161.0
James Reese,57590841,M,Trust Me,3D,13.07,2026-08-30,2024.0,Documentary,5.9,106.0
James Reese,57590841,M,Trust Me,3D,13.07,2026-08-30,2023.0,"Action,Comedy",4.9,525.0
James Reese,57590841,M,Trust Me,3D,13.07,2026-08-30,2023.0,Drama,,
James Reese,57590841,M,Trust Me,3D,13.07,2026-08-30,2023.0,Thriller,,
Corey Smith,85334284,M,The Evening Show,Normal,7.93,2025-11-17,2020.0,Thriller,9.1,72.0
Andrew Hall,44815272,M,Jal Dhaara : India's Water Story,Normal,6.13,2026-06-06,2022.0,Documentary,,
Aaron Montgomery,51322894,M,Baglanti Hatasi,3D,10.27,2026-08-14,2025.0,Drama,5.2,27.0
Donald Dean,89418359,M,Effondrée,Normal,7.69,2026-04-10,2023.0,Romance,,
Angela Rose,86762476,F,Za oponou velehor,3D,11.39,2026-05-31,2025.0,,7.1,12.0
Michele Trujillo,97499148,F,Purushothamana Prasanga,Normal,8.56,2026-08-04,2024.0,,6.0,1208.0
Julie Chambers,99470825,F,Evda qalmis,3D,13.12,2026-08-29,2023.0,"Comedy,Romance",,
Megan Barnes,92426337,F,Nina & Emma,Normal,6.15,2026-01-09,2023.0,Drama,7.4,33.0
Daniel Chapman,97272652,M,Kripya Dhyaan Dein,Normal,7.1,2026-02-25,2024.0,Comedy,,
Drew Thomas,26676529,M,Young Agents,Normal,8.08,2026-05-04,2020.0,Comedy,,
John Johnson,19549503,M,Das Sulingen Projekt,3D,11.21,2025-12-10,2023.0,Documentary,,
Pamela Anderson,70151468,F,Hotel Torremolinos,3D,10.37,2026-01-03,2023.0,Documentary,,
Christopher Elliott,68439282,M,Kantara,Normal,7.8,2026-09-04,2022.0,"Action,Adventure,Drama",8.1,118757.0
Lisa Jackson,92191617,F,Love Across,Normal,7.68,2026-02-08,2021.0,Drama,,
John Wu,46978629,M,Love in the Mix,3D,12.41,2026-01-31,2022.0,Drama,,
Tiffany Murphy,33306406,F,Permitted,Normal,8.63,2025-10-15,2021.0,"Mystery,Thriller",5.6,70.0
Melissa Taylor,72553123,F,Alone Together,Normal,8.49,2026-01-13,2021.0,"Drama,Horror",,
Melissa Taylor,72553123,F,Alone Together,Normal,8.49,2026-01-13,2024.0,Documentary,,
Melissa Taylor,72553123,F,Alone Together,Normal,8.49,2026-01-13,2022.0,"Drama,Romance",5.4,2204.0
Melissa Taylor,72553123,F,Alone Together,Normal,8.49,2026-01-13,2023.0,Documentary,,
Melissa Taylor,72553123,F,Alone Together,Normal,8.49,2026-01-13,2023.0,"Horror,Thriller",4.2,54.0
Melissa Taylor,72553123,F,Alone Together,Normal,8.49,2026-01-13,2023.0,Drama,,
Kimberly Fields,24820269,F,IWF: 7300 Days of Independence,Normal,6.74,2026-08-19,2022.0,"Documentary,Sport",,
Gregory Haley,45994658,M,Thunder of Clouds: What Women Can Do,3D,12.33,2025-10-24,2026.0,Documentary,,
Stephen Bowen,92651065,M,Zenbu of Tokyo,Normal,6.4,2026-02-19,2024.0,,6.8,20.0
Jennifer Tyler,23153345,F,Grape Steak,3D,13.75,2026-01-13,2023.0,Mystery,,
Matthew Hughes,88214217,M,Delusion,Normal,8.44,2026-10-04,2021.0,Thriller,,
Matthew Hughes,88214217,M,Delusion,Normal,8.44,2026-10-04,2020.0,Drama,,
Matthew Hughes,88214217,M,Delusion,Normal,8.44,2026-10-04,2025.0,Drama,5.7,214.0
Kenneth Hall,12505284,M,Fiasco,3D,10.44,2025-11-11,2021.0,Documentary,9.0,6.0
Heather Smith,80762714,F,They Ain't Ready for Me,3D,11.75,2026-06-02,2020.0,Documentary,7.2,28.0
Holly Wallace,42668532,F,Estate,3D,10.83,2026-09-02,2022.0,"Horror,Thriller",4.4,94.0
Holly Wallace,42668532,F,Estate,3D,10.83,2026-09-02,2025.0,"Drama,Mystery",,
Craig Williams,78559934,M,Salaga,3D,13.84,2026-01-29,2021.0,"Action,Crime,Thriller",6.9,1416.0
Rachael Woodward,26900198,F,Maidaore,3D,12.03,2025-10-17,2024.0,,,
Ryan Shannon,78558585,M,Whispers,3D,10.65,2025-10-13,2020.0,,,
Ryan Shannon,78558585,M,Whispers,3D,10.65,2025-10-13,2024.0,,8.4,16.0
Ryan Shannon,78558585,M,Whispers,3D,10.65,2025-10-13,2025.0,"Horror,Mystery,Thriller",6.2,415.0
Ryan Shannon,78558585,M,Whispers,3D,10.65,2025-10-13,2025.0,Horror,,
Michele Webb,64675174,F,The Island Within,Normal,8.52,2026-07-04,2020.0,"Comedy,Drama",7.0,77.0
Steven Hughes,13939582,M,The Infinite Ninth,3D,10.15,2026-01-11,2021.0,Documentary,,
Kari Montgomery,27068155,F,Apostle: A gentle knight in Brutalia,Normal,8.59,2026-03-02,2023.0,Drama,,
Julie Collins,64965259,F,Sachien Loves Shalini,Normal,6.38,2026-07-03,2026.0,"Comedy,Drama,Family",,
Kimberly Miller,43299839,F,Monkey on a Stick,Normal,7.07,2026-05-15,2024.0,Documentary,6.5,91.0
David Edwards,39890931,M,The Best of the Lads 2021,3D,12.52,2026-09-05,2021.0,"Action,Adventure,Comedy",6.9,15.0
Michelle Hayes,83201592,F,Conquering Cervical Cancer,3D,10.97,2026-02-10,2024.0,Documentary,,
Luis Rivas,37322979,M,Gutta Detroit,3D,10.76,2026-08-13,2025.0,Action,,
Kristin Ford,50991339,F,One Man Funeral,3D,12.25,2026-07-16,2021.0,,,
Nicole Clark,79670199,F,Conviction or Conspiracy: The Trevor Milton Saga,Normal,8.25,2026-02-18,2025.0,Documentary,3.6,6.0
Felicia Lynch,80980358,F,Deranged Lover,Normal,7.05,2026-05-19,2026.0,Thriller,3.0,10.0
Joan Thompson DVM,99578090,F,PrimAscesa,Normal,8.81,2026-07-20,2021.0,"Adventure,Documentary",,
Andrea Stone,86710488,F,The Hitts,Normal,6.2,2026-08-16,2026.0,Crime,,
David Riddle,60513974,M,Escort,Normal,6.62,2026-07-22,2023.0,"Drama,Thriller",5.5,396.0
David Riddle,60513974,M,Escort,Normal,6.62,2026-07-22,2026.0,Action,5.2,69.0
Christopher Solis,31059739,M,Dragen og de 5 elementer,3D,11.27,2026-01-14,2024.0,Fantasy,,
Carlos Schmidt,52982465,M,All That Glitters,Normal,8.25,2025-12-29,2024.0,Crime,7.7,103.0
Carlos Schmidt,52982465,M,All That Glitters,Normal,8.25,2025-12-29,2023.0,Drama,,
Carlos Schmidt,52982465,M,All That Glitters,Normal,8.25,2025-12-29,2020.0,Animation,,
Carlos Schmidt,52982465,M,All That Glitters,Normal,8.25,2025-12-29,2026.0,"Comedy,Drama,Romance",8.9,23.0
Maria Williamson,36757715,F,Blood Thicker Than Water,3D,12.39,2026-06-30,2024.0,Drama,7.1,10.0
Jessica Jones,38635640,F,Little Amélie or the Character of Rain,3D,10.17,2026-05-09,2025.0,"Animation,Drama,Family",7.6,6238.0
Amy Rocha,53595903,F,Romulus: Making of di una Leggenda,Normal,7.2,2026-03-05,2020.0,Documentary,,
Jeffery Roberts,91398762,M,Caracas,Normal,6.84,2025-11-03,2024.0,Drama,5.7,481.0
Dr. Tracy Wise MD,67705567,F,Cheers to Life,3D,13.11,2026-03-05,2024.0,"Comedy,Drama",5.3,407.0
Robert Cannon,13381412,M,Access Denied,3D,13.06,2026-09-19,2022.0,Drama,,
Robert Cannon,13381412,M,Access Denied,3D,13.06,2026-09-19,2022.0,Documentary,,
Stephanie Miller,42048857,F,Paid in Blood,Normal,7.23,2026-01-11,2025.0,Documentary,,
Stephanie Miller,42048857,F,Paid in Blood,Normal,7.23,2026-01-11,2025.0,Documentary,,
Jose Wagner,78470090,M,Small Talk,Normal,8.87,2026-06-28,2021.0,Drama,,
Jose Wagner,78470090,M,Small Talk,Normal,8.87,2026-06-28,2023.0,Comedy,5.6,11.0
Jose Wagner,78470090,M,Small Talk,Normal,8.87,2026-06-28,2026.0,"Comedy,Drama",7.5,12.0
Jose Wagner,78470090,M,Small Talk,Normal,8.87,2026-06-28,2026.0,Drama,,
Jose Wagner,78470090,M,Small Talk,Normal,8.87,2026-06-28,2026.0,Comedy,,
Michael West,19868636,M,Kujaat,3D,10.74,2026-06-11,2023.0,Drama,,
Jordan Smith,96912373,M,Liverpool vs Wolverhampton Wanderers,3D,10.18,2026-01-27,2020.0,Action,,
Felicia Perez,54744999,F,Backwards,Normal,7.54,2026-09-26,2022.0,Drama,6.7,249.0
Felicia Perez,54744999,F,Backwards,Normal,7.54,2026-09-26,2022.0,Fantasy,,
Isaac Mullins,34951523,M,The Executive Empress,3D,10.27,2026-08-04,2020.0,"Biography,Documentary,Drama",8.1,16.0
Grace Williams,53417597,F,Healing from the Inside Out,3D,12.92,2026-08-22,2021.0,Documentary,,
Kristin Roberts,66483458,F,Daku the Waar,3D,12.49,2026-08-27,2022.0,Action,,
Jose Barron,10285914,M,Glenn's Gotta Go,3D,13.96,2026-08-30,2020.0,Comedy,3.1,18.0
Kevin Livingston,27724319,M,Finding Khalistan,Normal,6.93,2026-06-11,2026.0,Documentary,,
Courtney English,91333812,F,Take It from the Top,3D,13.06,2026-08-25,2023.0,Drama,,
Matthew Taylor,61864988,M,Women in the wind,3D,12.73,2026-06-11,2021.0,Documentary,,
Kathryn Foster,17596460,F,Still Okay to Date?,3D,13.91,2026-01-03,2022.0,"Comedy,Drama",,
Krista Garza,83124047,F,Novoland the Castle in the Sky - Time Reversal,3D,10.09,2026-02-11,2020.0,"Fantasy,Romance",7.3,29.0
Kristen Gill,17436700,F,The Voyagers,3D,11.79,2026-03-30,2022.0,Fantasy,4.4,257.0
Tyler Powell,48827097,M,Swag,3D,12.7,2026-09-05,2024.0,"Comedy,Drama",7.3,3229.0
Tyler Powell,48827097,M,Swag,3D,12.7,2026-09-05,2020.0,"Drama,Musical,Romance",,
Justin Shaw,35336133,M,La piazza della mia città - Bologna e Lo Stato Sociale,Normal,7.67,2026-06-03,2020.0,"Documentary,Music",6.2,24.0
Barbara Walton MD,20941273,F,Butterflies,Normal,6.92,2026-04-26,2021.0,Drama,6.2,11.0
Barbara Walton MD,20941273,F,Butterflies,Normal,6.92,2026-04-26,2024.0,Comedy,6.2,293.0
Barbara Walton MD,20941273,F,Butterflies,Normal,6.92,2026-04-26,2022.0,Romance,,
Barbara Walton MD,20941273,F,Butterflies,Normal,6.92,2026-04-26,2024.0,Documentary,1.0,7.0
Barbara Walton MD,20941273,F,Butterflies,Normal,6.92,2026-04-26,2026.0,"Comedy,Drama,Romance",,
Anthony Maxwell,68996105,M,Stabbed,3D,13.49,2026-02-28,2023.0,"Comedy,Horror,Thriller",4.1,20.0
Chelsey Evans,98649319,F,Je suis la nuit en plein midi,3D,11.99,2026-04-21,2025.0,Documentary,7.7,7.0
Darrell Anderson,33918757,M,RB Leipzig vs Atletico Madrid,3D,11.32,2026-02-19,2020.0,Action,,
Cory Fuller,83031191,M,Cheddy Ace,Normal,6.59,2026-07-27,2022.0,Comedy,,
Kimberly Hill,53641651,F,Ensayo para Guemes,3D,12.84,2026-04-24,2021.0,Drama,9.0,9.0
James Moreno,46053985,M,Give It Up,Normal,8.93,2026-02-23,2026.0,Comedy,8.9,89.0
Ashley Sanchez,18704983,F,In Our Blood,3D,13.36,2026-06-23,2021.0,Sport,,
Ashley Sanchez,18704983,F,In Our Blood,3D,13.36,2026-06-23,2024.0,"Horror,Mystery,Thriller",5.5,617.0
Mr. Brandon Smith,33771664,M,L'affaire Abdallah,Normal,8.65,2026-04-09,2026.0,"Biography,Documentary,Drama",7.8,21.0
Natalie Velez,82906462,F,Suna,3D,12.49,2026-03-18,2022.0,Drama,6.1,392.0
Kimberly Velez,95156188,F,Kadhal Kadhai Sollava,Normal,8.38,2026-05-05,2026.0,Drama,5.2,566.0
Laura Evans,40890439,F,Split Second,3D,10.57,2026-01-24,2023.0,Drama,,
Bryan Mora,30702003,M,Inspirational Sounds Unity Concert,3D,10.64,2026-01-15,2022.0,Music,9.2,9.0
Peggy Barnes,78258358,F,Death Blow,Normal,7.04,2025-12-02,2023.0,Thriller,3.1,107.0
Kyle Cardenas,18666047,M,Ulajh,Normal,6.86,2025-12-15,2024.0,"Crime,Drama,Thriller",5.9,25675.0
Lisa Smith,73904809,F,Courtney Gets Possessed,Normal,8.21,2026-03-23,2022.0,"Comedy,Horror",4.4,168.0
Joshua Whitehead,41289063,M,Eva Wishes,Normal,7.04,2026-06-17,2020.0,Comedy,5.4,8.0
Richard Marshall,13061248,M,Hyderabadi bhaijaan Ka Fan,Normal,7.91,2026-05-19,2022.0,,,
Holly Cherry,57079901,F,"Ontem, Hoje e Sempre!",3D,13.59,2026-08-13,2026.0,Documentary,,
Lori Ramos,98010797,F,Migraine,3D,12.51,2026-05-19,2024.0,Horror,8.0,30.0
Erik Riley,99672251,M,Les Vignes Du Seigneur,3D,12.28,2026-01-17,2024.0,Documentary,,
Nicole Brown,97705311,F,Valayam,3D,13.26,2026-03-20,2020.0,Mystery,5.7,305.0
Robert Moore,79301483,M,The Hermit,Normal,6.9,2026-04-16,2025.0,"Horror,Thriller",3.5,271.0
Mark Barrett,45260664,M,Un viaggio per incontrare Mimì,3D,12.59,2026-09-16,2024.0,Documentary,8.9,14.0
Allen Alvarado,46336661,M,A Dangerous Affair,3D,13.66,2026-05-10,2022.0,"Romance,Thriller",4.6,311.0
Joshua Herman,60940682,M,1941. Italia in guerra - Fuoco nei Balcani,3D,11.75,2026-06-10,2021.0,Documentary,,
Joseph Spencer,57975553,M,From the End of the World,3D,12.69,2026-02-13,2023.0,"Drama,Sci-Fi",6.2,178.0
Danielle Keller,37341101,F,Made in Italy,Normal,6.24,2026-06-09,2020.0,"Comedy,Drama,Romance",6.0,13004.0
Nicholas Harris,55560907,M,Fights Break Sphere 3,3D,12.06,2026-08-12,2024.0,"Action,Adventure,Drama",5.1,16.0
Teresa Casey,19564675,F,Kill 'em Now,3D,13.27,2026-06-03,2025.0,"Comedy,Drama,Western",,
Scott Wong,90682786,M,An African Tale,3D,12.15,2026-09-23,2023.0,Documentary,,
Tiffany Pierce,80020297,F,Dear Mother Ghost,Normal,7.69,2025-12-27,2024.0,"Comedy,Horror",,
Tanya Carson,53785740,F,Me Three,Normal,7.05,2026-06-22,2025.0,Comedy,5.1,10.0
David Gaines,20873667,M,The Lockdown Run,3D,11.74,2025-10-29,2025.0,"Crime,Drama,Thriller",,
William Morris,97726235,M,Afterlife,Normal,7.46,2026-04-30,2024.0,Documentary,6.0,8.0
Justin Young,55423244,M,Além dos Silêncios,Normal,6.12,2026-01-20,2024.0,Documentary,,
Ryan Young,42212798,M,Colors of Evil: Black,3D,11.51,2026-05-25,2026.0,"Crime,Drama",5.9,3691.0
Emily Callahan,72608805,F,Emilia Pérez,Normal,7.36,2026-03-13,2024.0,"Crime,Drama,Musical",5.3,135587.0
William Morgan,45868706,M,Der Schatten,Normal,7.62,2026-01-07,2020.0,Crime,,
Logan Brown,55030221,M,Through Arna's Eyes,3D,12.42,2026-05-15,2020.0,Documentary,,
Jonathan Thomas,10743737,M,Uber vs. Taxi,3D,10.28,2026-01-13,2022.0,Documentary,,
Christopher Ayala,84462798,M,My Lucky Number is Black,Normal,7.89,2026-07-05,2020.0,"Crime,Drama,Fantasy",,
William Howard,48753030,M,Last Dance,Normal,8.69,2025-12-01,2021.0,"Drama,Music",,
William Howard,48753030,M,Last Dance,Normal,8.69,2025-12-01,2022.0,"Comedy,Drama",6.3,407.0
William Howard,48753030,M,Last Dance,Normal,8.69,2025-12-01,2022.0,Documentary,7.2,16.0
Karen Moore,36213025,F,That's Not Me,Normal,8.44,2026-07-05,2023.0,Documentary,,
Rebecca Fitzgerald,77339040,F,Juang,3D,13.21,2026-07-12,2022.0,"Drama,Thriller",6.2,130.0
Jessica Martin,26129245,F,Halloween Kickback,Normal,8.31,2025-12-23,2021.0,Comedy,5.3,38.0
Bonnie Fletcher,79337732,F,Long Day,Normal,7.77,2026-02-27,2020.0,Drama,5.2,6.0
Bonnie Fletcher,79337732,F,Long Day,Normal,7.77,2026-02-27,2021.0,Drama,,
Brandon Parsons,61880816,M,ROH Live: The Sleeping Beauty,Normal,6.38,2025-11-20,2023.0,"Fantasy,Music,Romance",,
Marie Wright,77360855,F,The Notes of Anna Azzori,Normal,6.12,2026-09-09,2020.0,"Biography,Documentary",6.1,13.0
Laura Richard,32053584,F,Blood Daughter,3D,11.25,2025-11-12,2022.0,"Drama,Fantasy,Mystery",,
Richard Yang,11044851,M,Betrayal,3D,13.74,2026-07-24,2021.0,Drama,4.8,25.0
Richard Yang,11044851,M,Betrayal,3D,13.74,2026-07-24,2025.0,Documentary,,
Richard Yang,11044851,M,Betrayal,3D,13.74,2026-07-24,2025.0,Crime,,
Richard Yang,11044851,M,Betrayal,3D,13.74,2026-07-24,2023.0,"Action,Drama,Horror",5.4,623.0
Richard Yang,11044851,M,Betrayal,3D,13.74,2026-07-24,2020.0,"Crime,Drama,Thriller",5.0,12.0
Richard Yang,11044851,M,Betrayal,3D,13.74,2026-07-24,2023.0,War,5.2,777.0
Hannah Obrien,16285518,F,The Just in Case Child,3D,13.99,2026-09-21,2024.0,"Comedy,Musical",,
Jose Levy,35387619,M,Singhwahini,3D,11.88,2026-08-21,2024.0,Documentary,,
Christina Mcdaniel DDS,44208933,F,Inner Child,Normal,8.97,2025-11-13,2021.0,Drama,,
Wendy Atkins,24980835,F,Circle of Love,Normal,8.22,2026-01-14,2021.0,Drama,,
Kayla Martin,11719977,F,The Unrestricted War,3D,10.83,2025-11-14,2025.0,Thriller,3.6,539.0
Matthew Stout,85396006,M,Its Name Was Mormo,Normal,7.53,2026-08-22,2024.0,"Adventure,Horror,Mystery",3.8,338.0
Olivia Lopez,78692794,F,CBI Officer,Normal,9.0,2025-11-17,2025.0,Thriller,9.2,21.0
Tracey Solomon,77711634,F,Mann Vs Khan,Normal,7.45,2026-07-06,2021.0,Comedy,,
Maria Williams,47463177,F,KTM,3D,10.94,2026-08-05,2024.0,Drama,6.5,2219.0
Sara Johnson,77386029,F,A Celebration of Hanukkah (with Geoffrey Baer),3D,12.35,2026-06-20,2024.0,,,
Ryan Miller,20901789,M,Fragmente dintr-un atelier,3D,13.11,2026-07-22,2026.0,Drama,,
Zachary Garcia,61339745,M,Harvest of Horrors,3D,10.99,2026-03-10,2020.0,Horror,4.4,44.0
Jason Heath,11165252,M,DoUtDes,Normal,6.11,2025-11-15,2022.0,"Romance,Thriller",4.1,231.0
Justin Jackson,13847327,M,Jävla pappa,Normal,6.14,2025-11-25,2023.0,Documentary,7.4,49.0
Tiffany Combs,82048896,F,NiiMisSak: Sisters in Film,3D,10.51,2026-10-02,2024.0,Documentary,,
Deborah Washington,21461097,F,The Postman,3D,11.91,2026-01-30,2021.0,"Crime,Drama,Horror",,
Deborah Washington,21461097,F,The Postman,3D,11.91,2026-01-30,2025.0,"Drama,Mystery",4.7,83.0
Eric Williams,80152523,M,"Chevallier et Laspalès, 40 ans d'un duo culte",3D,13.75,2025-11-16,2020.0,Documentary,,
Kimberly Myers,37186545,F,Kaivalyaa,Normal,7.79,2025-10-31,2020.0,Drama,,
Kathryn Summers,85373534,F,Obutamatira,Normal,8.76,2025-12-11,2024.0,Drama,,
Brooke Walker,50708593,F,A un lloc de la ment,3D,12.31,2026-08-07,2025.0,Documentary,,
Shawn Green,70779102,M,"Basajaun 2, El regreso al terruño",3D,13.36,2026-04-06,2024.0,Documentary,,
Brian Willis,80283854,M,Laserium,Normal,8.34,2026-04-12,2025.0,Sci-Fi,4.3,20.0
Brian Willis,80283854,M,Laserium,Normal,8.34,2026-04-12,2021.0,Documentary,6.9,16.0
Morgan Wood,68123048,F,Betray,3D,10.72,2026-01-20,2023.0,Drama,4.8,354.0
Matthew Ibarra,14894075,M,The Art of Remembering,3D,10.85,2026-05-17,2025.0,Documentary,,
Priscilla Ramos,30678496,F,Dokhtare Barghi,3D,11.78,2025-11-02,2025.0,Family,1.9,14.0
Dawn Roy,69184452,F,Gemeinsam einsam,Normal,6.18,2026-06-10,2026.0,"Drama,Sci-Fi",,
Brad Perez,74444710,M,Two Idiots,3D,11.53,2025-10-06,2021.0,Comedy,,
Patricia Sanchez,57984319,F,En Morceaux: A Mission Journal,3D,10.4,2026-04-05,2025.0,Documentary,,
Jesus Clark,60474669,M,Broken Land,3D,13.89,2026-05-17,2025.0,Drama,5.6,277.0
William Hudson,30207407,M,Lo Que Nos Van Dejando,3D,11.1,2026-09-07,2026.0,Drama,,
Leslie Johnson,91967882,F,Innocence,3D,12.97,2026-09-06,2020.0,"Crime,Drama,Thriller",6.6,2320.0
Leslie Johnson,91967882,F,Innocence,3D,12.97,2026-09-06,2022.0,"Documentary,War",7.1,199.0
Mary Lloyd,23709697,F,Si muore solo da vivi,Normal,8.26,2026-01-20,2020.0,Comedy,5.4,254.0
Julie York,47143367,F,Dimitrios 2025,Normal,6.02,2026-08-19,2025.0,Crime,,
Stephanie Rose,24908867,F,Azzurri North,Normal,8.27,2026-09-06,2026.0,Documentary,,
Diana Howell,56055944,F,Blue Cave,Normal,8.27,2026-08-24,2024.0,Drama,5.3,8530.0
Jaime Morgan,48443890,F,"Masterclass by John McTiernan at BIFFF 40 (Brussels, 2022)",Normal,6.62,2026-07-03,2022.0,Documentary,,
Tyler Allen,60058115,M,On the Trail of the Bloodhound,3D,11.9,2026-07-15,2021.0,Documentary,,
John Cox,19471025,M,The 101st Hungarian Folk Tale - A Portrait Film of Ferenc Mikulás,Normal,8.92,2026-07-19,2022.0,Documentary,,
Ruth Reeves,40850579,F,Dabaghor,Normal,6.93,2026-09-09,2025.0,Thriller,8.8,16.0
Carmen Jones,10398338,F,Kapati,3D,11.82,2026-08-04,2025.0,,4.9,244.0
Elizabeth Gonzales,58471192,F,Jatta Dolie Naa,3D,10.6,2026-07-16,2024.0,Drama,7.2,22.0
William Roberts,85582772,M,The Quest,3D,10.54,2026-06-17,2025.0,Animation,6.3,173.0
William Roberts,85582772,M,The Quest,3D,10.54,2026-06-17,2023.0,Documentary,8.6,9.0
Douglas Ballard,10555261,M,Forest,3D,12.54,2026-01-04,2025.0,"Comedy,Thriller",5.0,201.0
Douglas Ballard,10555261,M,Forest,3D,12.54,2026-01-04,2020.0,,,
Douglas Ballard,10555261,M,Forest,3D,12.54,2026-01-04,2024.0,Documentary,6.0,72.0
Douglas Ballard,10555261,M,Forest,3D,12.54,2026-01-04,2026.0,"Drama,Thriller",,
Alyssa Stein,10610896,F,Tv Shop shop,3D,13.92,2026-02-04,2022.0,Comedy,,
Christopher Conner,17560558,M,Chicheka Lullaby,Normal,7.77,2025-12-19,2020.0,"Biography,Documentary,Music",6.3,28.0
Daniel King,98091987,M,Erzulie,Normal,7.6,2026-01-03,2022.0,"Adventure,Fantasy",4.3,247.0
Elizabeth Wolfe,31933300,F,The Summer I Fell for My Butler,3D,10.08,2025-10-26,2025.0,Romance,7.2,33.0
Dawn Pierce,33949358,F,Homofobia de estado,3D,10.04,2026-01-10,2023.0,Documentary,,
Erica Jensen,30002484,F,Mia,3D,11.64,2026-07-14,2020.0,Thriller,,
Erica Jensen,30002484,F,Mia,3D,11.64,2026-07-14,2020.0,"Drama,Romance",6.2,32.0
Erica Jensen,30002484,F,Mia,3D,11.64,2026-07-14,2023.0,Drama,6.9,923.0
Erica Jensen,30002484,F,Mia,3D,11.64,2026-07-14,2023.0,Horror,,
Erica Jensen,30002484,F,Mia,3D,11.64,2026-07-14,2025.0,Horror,,
Erica Jensen,30002484,F,Mia,3D,11.64,2026-07-14,2024.0,Thriller,7.3,333.0
Terri Thompson,71171483,F,Crime Story,Normal,6.31,2026-03-17,2022.0,"Crime,Drama",,
Terri Thompson,71171483,F,Crime Story,Normal,6.31,2026-03-17,2021.0,"Crime,Drama,Thriller",4.0,1596.0
Gregory Wood,92085669,M,Red Flags,3D,10.48,2026-01-31,2020.0,Documentary,,
Gregory Wood,92085669,M,Red Flags,3D,10.48,2026-01-31,2022.0,Thriller,3.0,183.0
Gregory Wood,92085669,M,Red Flags,3D,10.48,2026-01-31,2025.0,"Drama,Romance",4.3,315.0
Jeanette Reeves,74744296,F,Breaking the Chain,Normal,8.44,2026-04-13,2020.0,Documentary,7.2,53.0
Robin Cole,30961671,F,Happiness Ever After,Normal,8.96,2025-10-06,2021.0,"Drama,Romance",4.7,226.0
Rachel Abbott,13349584,F,Head of the Family Noir,3D,11.96,2026-09-09,2025.0,"Comedy,Horror",,
Daniel Bridges,15170929,M,The Rising Dawn,3D,12.16,2026-06-20,2025.0,Documentary,,
Victoria Adkins,27286741,F,Nee Yello Naa Alle,3D,10.43,2026-04-04,2024.0,Drama,,
Natalie Palmer,90934250,F,Against the Current,Normal,8.23,2026-02-04,2020.0,Documentary,7.7,61.0
Natalie Palmer,90934250,F,Against the Current,Normal,8.23,2026-02-04,2021.0,"Adventure,Documentary",,
Natalie Palmer,90934250,F,Against the Current,Normal,8.23,2026-02-04,2021.0,Documentary,,
Anna Herrera,30417875,F,Delivery Van,3D,13.99,2026-04-19,2024.0,,,
Scott Brown,83202126,M,Hello Ghost!,3D,13.19,2026-02-05,2023.0,"Comedy,Drama,Fantasy",7.1,698.0
Kenneth Dougherty,27718874,M,A203-No Escape,Normal,7.34,2026-09-11,2025.0,Horror,7.2,9.0
Mrs. Janice Ford,62113746,F,Book of Ruth,Normal,6.82,2026-08-14,2025.0,Drama,7.3,10.0
Kristine Martin,99462696,F,"Ülo Sooster. Mees, kes kuivatas rätikut tuule käes",Normal,8.8,2026-05-23,2020.0,Documentary,8.0,11.0
Jessica Graham,13339287,F,Toy Story: The Heist,Normal,7.44,2026-05-20,2025.0,"Action,Adventure,Comedy",6.5,16.0
Amy Riley,78517186,F,Auri,Normal,6.98,2025-12-04,2026.0,Comedy,5.3,28.0
Lonnie Owen,17602537,M,Karl Marx Looks for Fans,3D,13.49,2026-06-21,2024.0,"Comedy,Sci-Fi",,
Mr. Stephen Horton,99520642,M,The Project,Normal,6.96,2026-05-07,2025.0,"Horror,Thriller",,
Mr. Stephen Horton,99520642,M,The Project,Normal,6.96,2026-05-07,2020.0,Thriller,4.1,86.0
April Orozco,30822023,F,Tiger on the Rocks,Normal,8.14,2026-08-10,2022.0,Documentary,7.7,12.0
Kayla Johnson DDS,85909465,F,Say you are sorry,3D,12.1,2025-10-13,2021.0,,,
John Williams,57712446,M,Einai Sasa's Winged,3D,13.05,2026-04-23,2022.0,"Action,Adventure,Animation",,
Jamie Lambert,28462859,F,Third Act,Normal,6.96,2026-06-22,2025.0,"Documentary,History",7.7,82.0
Jamie Lambert,28462859,F,Third Act,Normal,6.96,2026-06-22,2022.0,Comedy,,
Kevin Garner,66491847,M,The Diaries of Adam and Eve,Normal,6.35,2025-11-02,2023.0,"Comedy,Fantasy",6.2,71.0
Jasmine Compton,27733844,F,Iran School Bombing: The Search for Truth,Normal,8.72,2025-10-26,2026.0,Documentary,,
Erin Little,78816733,F,Derecho carnal,Normal,8.64,2026-04-12,2026.0,Documentary,,
Kyle Contreras,66063902,M,The Truth About Amazon,Normal,6.78,2026-05-28,2020.0,Documentary,5.9,15.0
Tracy Dawson,44946875,F,Samael,Normal,8.66,2025-12-28,2020.0,Drama,,
Laura Middleton,67968122,F,Rurouni Kenshin: Final Chapter Part II - The Beginning,Normal,6.46,2025-12-21,2021.0,"Action,Adventure,Drama",7.4,12901.0
Ellen Adams,23335136,F,Label Me,Normal,6.58,2026-05-21,2021.0,Comedy,,
Pamela Morris,87593210,F,I'm Totally Fine,3D,13.86,2025-10-20,2022.0,"Comedy,Drama,Sci-Fi",6.0,1503.0
Kayla Brady,11355790,F,Stuttgart vs RB Leipzig,Normal,6.06,2026-07-01,2021.0,Sport,,
Jenny Myers,82124391,F,A Very Pagan Easter,Normal,6.56,2025-12-13,2024.0,History,,
Marvin Hubbard,80084666,M,Future Seeds,Normal,7.79,2026-04-16,2024.0,Documentary,,
Jason Cooley,47480933,M,Final de día,3D,12.21,2025-12-26,2021.0,Drama,,
Megan Wright,97077483,F,Space Dogg 2 (Time Warp),3D,13.55,2026-06-24,2025.0,"Drama,Fantasy,Sci-Fi",,
Pamela Robinson,75243017,F,Just One Man,3D,12.71,2026-03-19,2025.0,Documentary,8.3,7.0
Michael Malone,86452588,M,Hazep,Normal,8.36,2025-11-16,2023.0,Horror,,
Breanna Barry,24726534,F,Christmas the Wright Way,3D,10.04,2026-01-23,2021.0,Family,7.0,11.0
Michelle Blackwell,27015679,F,Die Hard Geezers,3D,11.28,2025-11-29,2023.0,Comedy,,
Melissa Mckee,91417151,F,Virgínia e Adelaide,3D,11.8,2026-01-11,2024.0,"Biography,Drama,History",7.4,93.0
Joseph Smith,36204416,M,Pororo the Movie: Sweet Castle Adventure,3D,10.94,2026-03-01,2025.0,"Adventure,Animation,Family",6.4,6.0
Brenda Stephens,15346730,F,Kanubhai the Great,Normal,7.24,2026-04-01,2023.0,Drama,8.8,27.0
Julie Wood,67957214,F,Irmãos de Sangue,Normal,6.16,2026-08-25,2024.0,Action,,
Lauren Blake,59225264,F,Pavilion,3D,12.92,2026-02-18,2022.0,Drama,6.4,20.0
Lauren Blake,59225264,F,Pavilion,3D,12.92,2026-02-18,2020.0,Documentary,,
Abigail Hernandez,65278827,F,El Canto de las Moscas - Song of the Flies,Normal,6.33,2025-12-18,2021.0,Animation,,
Anthony Jones,49312035,M,Quandary,3D,10.59,2026-04-20,2021.0,Drama,,
William Moran,65287905,M,Mommy Lounge Show Podcast Movie,3D,11.38,2026-07-31,2021.0,Comedy,,
Benjamin Anderson,35553097,M,Go North,3D,12.82,2026-07-18,2023.0,Adventure,,
John Ortiz,45439492,M,Supernova,Normal,6.82,2026-09-20,2020.0,"Drama,Romance",6.9,16301.0
John Ortiz,45439492,M,Supernova,Normal,6.82,2026-09-20,2023.0,Drama,5.5,125.0
John Ortiz,45439492,M,Supernova,Normal,6.82,2026-09-20,2022.0,Drama,,
John Ortiz,45439492,M,Supernova,Normal,6.82,2026-09-20,2025.0,Drama,,
John Hunter,58888758,M,El Niño Que No Quería Matar,3D,12.65,2026-06-30,2020.0,"Crime,Drama,Thriller",,
Cheryl Johnson,86926039,F,(Un)lucky Sisters,3D,12.95,2026-07-01,2024.0,Comedy,5.2,985.0
Tina Smith,18081206,F,Tong Xi,Normal,7.73,2026-04-24,2020.0,Drama,,
Leslie Stone,18347769,F,Los de la culpa,Normal,6.75,2026-03-31,2024.0,Comedy,5.8,40.0
Deborah Washington,50163642,F,Anthima Kshanagalu,3D,12.62,2025-10-28,2025.0,"Horror,Mystery,Thriller",8.5,57.0
Michaela Alvarado,34175659,F,Zoraki Misafir,3D,12.06,2026-09-18,2021.0,Comedy,5.2,379.0
Brandon Jacobs,64166946,M,Pauline from 2 to 3,Normal,7.16,2025-12-24,2025.0,Documentary,,
Joe Gonzalez,25938458,M,Celebrity Wines,3D,11.5,2026-02-25,2024.0,Documentary,8.1,10.0
Derek Perez,35122738,M,Zindagi kashmakash,Normal,8.7,2026-04-21,2023.0,Family,,
Jason Patton,75405081,M,The Meadows,Normal,6.76,2026-05-20,2020.0,Drama,,
Deborah Morrison,69386214,F,Misguided Angel,3D,10.92,2026-08-22,2025.0,Drama,,
Ashley Bush,41593413,F,Broken Harts,Normal,7.02,2026-06-28,2021.0,"Crime,Documentary",6.9,444.0
Jessica Rubio,72964697,F,Driven: The Freddie Freeman Story,Normal,8.47,2026-07-01,2025.0,"Biography,Documentary,Sport",8.7,17.0
Dr. Katie Horn,44447088,F,Fallende Blätter,Normal,6.01,2026-07-30,2021.0,Documentary,,
Brett Johnson MD,94488759,M,Good Person,3D,13.73,2026-05-09,2021.0,"Crime,Drama,Mystery",6.5,40.0
David Beard,46952192,M,Hot Summer Nights,3D,13.58,2026-03-14,2026.0,Drama,,
Patrick Melendez,77821118,M,Monumental! O Restauro de um Símbolo,3D,10.94,2026-09-25,2023.0,Documentary,,
Dustin Thomas,98750897,M,"Hataraku Saibo!! Saikyo no Teki, Futatabi. Karada no Naka wa Cho Osawagi!",3D,10.17,2026-10-01,2020.0,"Action,Animation,Sci-Fi",6.7,153.0
Ryan Ramirez,47188236,M,Steve Backshall's Royal Arctic Challenge,Normal,6.14,2025-10-15,2025.0,Documentary,6.3,29.0
Jesse Fisher,34170543,M,Lovers Lake,Normal,7.31,2026-03-12,2026.0,"Horror,Romance",,
Bradley Parker,63651811,M,Crocodylus: Mating Season,3D,13.68,2026-05-31,2023.0,"Comedy,Horror",2.9,220.0
Bruce Cooper,20035725,M,Passport to the World: Armenia,3D,12.32,2026-03-24,2020.0,,,
Alexander Mccormick,61457408,M,Objectif Wild: Face à face avec les crocodiles,3D,11.6,2026-03-23,2024.0,Documentary,,
David Bautista,21510147,M,A Stable Life Series 2 Part 1,3D,12.33,2026-08-09,2025.0,Documentary,,
Matthew Collins,65953004,M,Lazy Duck,3D,10.86,2026-07-11,2022.0,Documentary,7.2,21.0
Heather Page,19355462,F,Hit the Road,3D,10.9,2026-04-20,2021.0,"Comedy,Drama,Music",7.2,9277.0
Keith Sanchez,14749126,M,Liebe Großeltern - Wenn das Enkelkind kommt...,Normal,7.81,2026-07-24,2024.0,Documentary,,
Donald Moore,62833094,M,Eiga Last Man: First Love,Normal,7.54,2026-09-30,2025.0,,6.6,44.0
David Collier,97264266,M,Razlogov,3D,10.04,2025-11-28,2025.0,Documentary,,
Scott Smith,36432215,M,Doroga k domu,Normal,6.85,2025-12-04,2023.0,"Drama,Mystery",6.4,45.0
Ashley Davis,75122660,F,Oru Bharatha Sarkar Ulppannam,Normal,6.62,2026-04-22,2024.0,Comedy,8.5,57.0
Kimberly Lewis,20043119,F,The Wrath,3D,10.59,2025-10-11,2023.0,Drama,,
Sarah Castaneda,89169023,F,Human Cocaine,Normal,6.73,2026-06-24,2026.0,"Action,Crime,Thriller",6.0,36.0
Donna Hale,26474510,F,Maha Revenge,Normal,6.18,2025-10-17,2021.0,Horror,,
Meredith Roberts,71751616,F,"Si loin, si proche 2",3D,11.91,2026-08-05,2022.0,Drama,,
James Hayes,46344162,M,Trazos de piel,3D,13.42,2025-11-16,2022.0,Drama,,
Antonio Jenkins,22835627,M,Stock Shark,Normal,8.96,2026-05-12,2024.0,"Comedy,Sci-Fi",6.1,62.0
Gregory Villanueva,90682079,M,Chengzi_1,3D,13.23,2026-07-26,2024.0,Drama,,
Jacqueline Cortez,69239931,F,A Rua do Abismo e o Cinema da Luz,Normal,7.61,2026-05-02,2025.0,"Documentary,Drama",,
Jeremy Chavez,32298056,M,Indrajaal,3D,12.92,2025-11-20,2024.0,Drama,6.7,10.0
Jeremy Chavez,32298056,M,Indrajaal,3D,12.92,2025-11-20,2026.0,"Comedy,Fantasy,Mystery",6.9,1072.0
Craig Cummings,58290751,M,Rose,Normal,6.09,2026-07-01,2021.0,"Comedy,Drama",6.3,235.0
Craig Cummings,58290751,M,Rose,Normal,6.09,2026-07-01,2022.0,"Comedy,Drama",7.5,3130.0
Craig Cummings,58290751,M,Rose,Normal,6.09,2026-07-01,2026.0,"Biography,Drama,History",7.5,2203.0
Craig Cummings,58290751,M,Rose,Normal,6.09,2026-07-01,2020.0,"Drama,Horror,Romance",5.6,1366.0
Adrian Houston,77640298,M,Quand l'Afrique sauva la France,Normal,8.95,2026-04-28,2022.0,"Documentary,History,War",,
Lisa Crawford,49965923,F,Ganni by Sukh Sandhu,3D,13.32,2026-06-02,2021.0,,,
Tracy Fernandez,71643543,F,Fifty Fifty,3D,13.32,2026-09-30,2022.0,Drama,,
Terri Massey,58451292,F,NASA's Midnight Story,Normal,7.54,2026-05-30,2021.0,Documentary,,
Tamara Pearson,84696714,F,Pretty Kitty Cartel,Normal,7.96,2026-08-12,2024.0,Drama,,
William Weber,15739335,M,The Shoreway Disaster,3D,10.74,2026-03-23,2022.0,"Action,Comedy,Horror",,
Joshua Aguilar,31018885,M,Last Testament,3D,11.75,2026-05-09,2021.0,"Biography,Crime,Drama",3.8,59.0
Andrew Dunn,68159682,M,Atlanta: The City Too Busy to Wait,Normal,6.46,2026-05-22,2021.0,Documentary,,
Pamela Adams,22905513,F,Fine China,3D,12.37,2026-03-31,2020.0,Romance,,
Mr. Anthony Hernandez,37045765,M,Downgraded Citizen,Normal,8.95,2026-05-10,2024.0,Action,,
Mr. Anthony Hernandez,37045765,M,Downgraded Citizen,Normal,8.95,2026-05-10,2024.0,Action,,
Jasmine Myers,84854920,F,The Architectural Legacy of Lechner,Normal,8.44,2025-10-07,2025.0,Documentary,6.7,7.0
Carol Johnson,23186055,F,Maria Azama: Da Best P*rn Star,3D,11.48,2026-09-24,2025.0,Comedy,5.8,59.0
Mr. Charles Allen,84874762,M,Baggage,3D,12.93,2025-11-01,2020.0,Mystery,7.3,11.0
Patricia Watkins,60588827,F,Tarará,3D,13.38,2025-11-18,2021.0,Documentary,8.1,8.0
Sabrina Dixon DVM,60668755,F,Historically Haunted: The Ghosts of Grand Midway,Normal,7.64,2026-03-31,2024.0,Documentary,5.1,10.0
Justin Williams,81226202,M,Fiumicino 1985. Attacco all'aeroporto,Normal,7.8,2026-01-27,2025.0,Documentary,,
Olivia Turner,55086697,F,Out There: A National Parks Story,3D,12.88,2026-09-18,2023.0,Documentary,9.2,22.0
Bradley Sullivan,73781191,M,Twisted Feelings,3D,11.48,2026-08-02,2023.0,Drama,,
Jeffrey Schmidt,84589112,M,Stories I Didn't Know,3D,11.7,2026-05-25,2020.0,Documentary,,
Nathan Riley,64597275,M,Blue Moon,3D,13.87,2026-01-10,2022.0,Drama,7.7,26.0
Nathan Riley,64597275,M,Blue Moon,3D,13.87,2026-01-10,2021.0,Drama,5.7,386.0
Nathan Riley,64597275,M,Blue Moon,3D,13.87,2026-01-10,2025.0,"Biography,Comedy,Drama",6.8,26464.0
Becky Lee,94131252,F,The Big Ashtray,3D,12.86,2026-02-13,2026.0,Mystery,,
Rachel Watson,70741839,F,Nomad & Roadrunner,Normal,7.53,2026-08-09,2021.0,Drama,1.6,26.0
Terri Hudson,95760367,F,Untitled Football Film,3D,10.14,2026-09-02,2026.0,Drama,,
Luis Wright,96070445,M,Six People Who Built America,Normal,6.01,2026-03-18,2021.0,,,
Ryan Brown,12573912,M,Neon Fangs,3D,10.08,2026-02-13,2024.0,Drama,,
Andre Porter,64810569,M,The Philippine President,3D,11.27,2026-03-10,2026.0,Sci-Fi,,
James Ortiz,67281371,M,Paraagan,Normal,7.4,2026-08-23,2024.0,"Action,Comedy,Crime",,
Jessica Peck,41603725,F,C/O Kaadhal,3D,13.14,2026-08-08,2021.0,Drama,7.7,428.0
Christopher Thompson,67827928,M,Forbidden Love,3D,12.77,2026-01-12,2021.0,Drama,,
Christopher Thompson,67827928,M,Forbidden Love,3D,12.77,2026-01-12,2023.0,Drama,,
Christopher Thompson,67827928,M,Forbidden Love,3D,12.77,2026-01-12,2024.0,Romance,7.7,35.0
Christopher Thompson,67827928,M,Forbidden Love,3D,12.77,2026-01-12,2025.0,Horror,,
Michele Jones,11609057,F,Disco ex Machina,Normal,6.82,2026-04-04,2021.0,"Documentary,Music",,
Caleb Mullen,53250267,M,"Journey Through Time - Zeta Phi Beta Sorority, Incorporated Centennial Documentary",Normal,8.75,2026-05-02,2020.0,Documentary,,
Sharon Carroll,41060575,F,Weight of Love: Stories of Motherhood,Normal,7.06,2026-03-25,2026.0,Documentary,,
David Wheeler,99864100,M,Devotion: There Is a Fine Line Between Devotion & Delusion,Normal,7.78,2026-02-28,2023.0,Drama,,
Mr. Taylor Hines,52052685,M,Bandkhor,Normal,8.65,2026-03-18,2026.0,Drama,8.8,1640.0
Corey Reyes,48717631,M,Atlantic Bar,Normal,7.08,2026-03-06,2022.0,Documentary,7.0,103.0
Tammy Chavez,81076161,F,Routa,Normal,7.3,2025-10-31,2024.0,"Crime,Drama,Thriller",5.6,48.0
Sharon Bernard,20611340,F,The Kid Behind the Iron Door,3D,11.85,2026-09-29,2022.0,"Drama,Mystery",,
Nicole Flowers,52734403,F,IronWrath's Master Storyteller,3D,11.32,2026-03-10,2024.0,Music,,
Erica Mcgrath,80121371,F,Namma Oorukku Ennadhan Achu,Normal,8.98,2026-07-29,2021.0,"Action,Drama,Romance",4.8,34.0
Jennifer Werner,37755515,F,Finding Sally,3D,11.63,2026-02-03,2020.0,Documentary,6.2,90.0
Jeffrey Murray,69043330,M,Dog Warriors,3D,11.95,2025-10-26,2024.0,Documentary,7.3,12.0
Carrie Cooper,98507771,F,Huskies,3D,13.47,2025-11-19,2025.0,"Drama,Sport",7.4,151.0
Jonathan Tate,84017643,M,"Abril, hoy no es invierno",3D,13.86,2026-08-25,2027.0,,,
Tonya Small,86345258,F,Achyuta Avataaram,Normal,7.96,2026-08-11,2026.0,"Drama,Thriller",4.9,3894.0
Sharon Evans,37823643,F,Unboxing,Normal,6.99,2026-09-23,2025.0,Thriller,5.5,25.0
Kelsey Schaefer,74524466,F,Get Da Big Bag,Normal,7.83,2026-06-13,2022.0,,,
Thomas Holland,93700682,M,TFW No GF,3D,12.31,2026-08-28,2020.0,,,
Robert Roberts,79631421,M,Ferlið Hans Bubba,3D,12.38,2026-02-05,2026.0,Documentary,,
Juan Stone,77603510,M,Time Apart,Normal,8.17,2026-01-25,2020.0,"Drama,Romance,Sci-Fi",4.0,402.0
Katie Weiss,51428272,F,Journey to Utopia,3D,12.64,2026-03-04,2020.0,Documentary,7.0,95.0
Whitney Bush,53884798,F,Carole & Grey,3D,12.92,2026-02-26,2024.0,Comedy,6.5,21.0
Nicholas White,45458134,M,All I Ask,3D,12.87,2026-08-25,2023.0,Drama,,
Christina King,60522393,F,You've Got This,3D,12.92,2026-08-06,2020.0,"Comedy,Romance",5.9,1614.0
Jacob Martin,83662746,M,Malam Jahanam,3D,11.75,2025-10-19,2025.0,"Drama,Horror,Thriller",,
Thomas Miller,83093082,M,Hiding Miss Mobster,3D,11.0,2026-03-30,2026.0,Drama,,
Patrick Bullock,66490993,M,Night of the Dead Sorority Babes,Normal,7.72,2026-02-24,2025.0,Horror,3.1,316.0
Michelle Hill,31564733,F,Beirut Forever,Normal,6.51,2026-08-07,2025.0,"Documentary,War",,
Ryan Hoffman,65758586,M,Demon Slayer: Kimetsu no Yaiba - The Movie: Mugen Train,3D,13.42,2026-04-30,2020.0,"Action,Adventure,Animation",8.2,103633.0
David Gray,24292269,M,From the Other Shore,Normal,8.68,2026-04-07,2022.0,Documentary,,
Justin Martin,71923467,M,Sacrum Vindictae III,Normal,6.95,2026-04-15,2026.0,Action,,
Isabel Parker,38384512,F,Ichata Vahanamulu Nilupa Radu,Normal,6.1,2026-09-04,2021.0,"Drama,Mystery,Romance",5.7,483.0
Ann Morrow,94018999,F,Ying bian shen yuan,3D,11.74,2025-11-25,2026.0,Horror,,
John Chase,60949928,M,Virgin of the Throne,Normal,6.71,2026-01-03,2026.0,Drama,,
Ronald Molina,14549289,M,Sonny Days,3D,11.36,2026-06-25,2023.0,Comedy,6.5,36.0
Grant Smith,63872610,M,Homeboy Never Fails,3D,12.07,2025-10-25,2022.0,Comedy,,
Dean Cohen,21190384,M,Kuttram Kuttrame,3D,12.84,2026-03-21,2022.0,"Action,Drama",6.2,331.0
Shannon Williams,62681201,F,Unscripted Lives,3D,12.78,2026-05-22,2025.0,Documentary,,
Russell West,30123576,M,Dark Justice,Normal,7.18,2026-05-16,2024.0,Drama,7.5,55.0
Russell West,30123576,M,Dark Justice,Normal,7.18,2026-05-16,2026.0,"Animation,Crime,Drama",,
Timothy Porter,59998590,M,Two Brothers,Normal,6.97,2026-01-10,2023.0,Action,,
Maria Cunningham,21288632,F,Digger,3D,12.62,2026-04-09,2026.0,"Comedy,Drama",7.3,10515.0
Maria Cunningham,21288632,F,Digger,3D,12.62,2026-04-09,2020.0,Drama,7.3,3463.0
Alyssa Moore,38973637,F,Saiyar Mori Re,Normal,8.45,2026-05-20,2022.0,Romance,8.1,383.0
Randall Peterson,83077147,M,The Quay Co-Op,Normal,8.43,2026-07-26,2021.0,Documentary,,
Shannon Erickson,65254632,F,Pegasos,Normal,7.55,2025-11-14,2025.0,Drama,,
Tiffany Williams,29871467,F,Ouro e Cinza,Normal,7.28,2025-11-13,2025.0,Drama,5.8,7.0
Nathan Murray,24469394,M,Babu Shona,3D,10.37,2026-01-13,2025.0,"Comedy,Romance,Thriller",5.7,19.0
Geoffrey Brown,45967015,M,Never Be A Punching Bag for Nobody,3D,11.9,2026-08-16,2023.0,Documentary,7.4,22.0
Barbara Williams,37069406,F,Rapha: The Inside Story,Normal,7.45,2026-10-01,2022.0,Sport,,
Joy Smith,43470544,F,Shoah Ambassadors,Normal,6.71,2025-12-11,2021.0,Documentary,,
Glen Hernandez,71504269,M,How Not to Be a Rockstar,Normal,8.73,2026-05-18,2027.0,Documentary,,
Theresa Jones,22895802,F,El Father Plays Himself,Normal,7.05,2026-07-05,2020.0,Documentary,7.7,73.0
Cassandra Stewart,45215252,F,Best of the 70's Volume 4,3D,10.66,2026-05-09,2023.0,Sport,,
Joseph Deleon,48357371,M,The Seal: Number 10 from the Street,Normal,7.62,2026-01-24,2020.0,"Comedy,Drama",5.6,153.0
Ashley Stewart,48835261,F,Spring of the Vanishing,3D,13.98,2025-10-31,2025.0,Documentary,,
Jordan Reid,53958629,F,Desiré,3D,12.21,2026-05-23,2023.0,Drama,5.5,28.0
Toni Jones,45704182,F,Code Terror,3D,13.54,2025-10-25,2022.0,"Drama,Thriller",3.7,149.0
Mary Decker,56656845,F,Pecakúra,Normal,6.63,2025-12-18,2021.0,Comedy,5.0,71.0
Kaitlin Duncan,71467761,F,Centaur,3D,10.28,2026-09-13,2022.0,"Action,Crime,Drama",5.4,1760.0
Kaitlin Duncan,71467761,F,Centaur,3D,10.28,2026-09-13,2023.0,"Drama,Thriller",6.9,2198.0
Madeline Myers,73226204,F,Vijayi Bhav,3D,10.77,2026-01-28,2022.0,Family,8.3,11.0
Paula Phillips,62202797,F,Kidney stones,3D,12.51,2026-07-16,2023.0,Drama,,
Amanda Williams,28534440,F,The Altitude Limit. Climbing Everest,Normal,8.56,2026-02-03,2025.0,Documentary,,
Gregory Douglas,77615598,M,Butch Cassidy and the Wild Bunch,Normal,8.36,2026-07-03,2023.0,"Action,Drama,Western",4.4,233.0
Ryan Malone,90073348,M,Jai Bhajrangi,Normal,6.03,2026-06-13,2021.0,"Action,Fantasy",6.4,2033.0
David Garcia,46761741,M,Twilight Zone: Realm of the Halloween Scare,Normal,6.94,2026-04-12,2025.0,Horror,,
Alexis Rogers,49867641,F,The Face and the City,3D,13.38,2026-08-14,2020.0,,,
Alexa Anderson,67871278,F,Kintsugi,Normal,6.54,2026-08-22,2020.0,Drama,6.8,12.0
Alexa Anderson,67871278,F,Kintsugi,Normal,6.54,2026-08-22,2024.0,"Drama,Thriller",,
Alexa Anderson,67871278,F,Kintsugi,Normal,6.54,2026-08-22,2024.0,Drama,,
Kristin Proctor,96717576,F,Aarii,3D,11.22,2025-12-01,2025.0,"Drama,Family,Mystery",7.2,33.0
Thomas Jenkins,81020027,M,Time Space Visualiser,Normal,8.04,2026-07-03,2020.0,Documentary,,
Laura Reyes,41474766,F,Snow White,Normal,7.48,2026-02-15,2021.0,Action,,
Laura Reyes,41474766,F,Snow White,Normal,7.48,2026-02-15,2024.0,Drama,6.7,213.0
Laura Reyes,41474766,F,Snow White,Normal,7.48,2026-02-15,2025.0,"Adventure,Family,Fantasy",2.2,398727.0
Michael Lang,37542982,M,My Fishy Friends,Normal,6.27,2026-04-24,2023.0,Documentary,6.9,20.0
Christina Cruz,50059188,F,"Masterclass by John McTiernan at BIFFF 40 (Brussels, 2022)",3D,11.82,2026-01-28,2022.0,Documentary,,
Jessica Joseph,65975312,F,Tiger in Cages,3D,12.9,2026-03-18,2024.0,Drama,,
Christine Conner,70619737,F,Emu War: A Subtle Examination of the Sheer Caucasity of Colonialism,3D,12.42,2026-07-21,2024.0,Adventure,,
Donald Christian,25782738,M,Myth 26,Normal,7.0,2026-01-24,2026.0,"Drama,Romance,Sci-Fi",,
Eric Kennedy,56004986,M,The Counselor,3D,12.74,2026-03-14,2022.0,"Adventure,Crime,Mystery",,
Albert Hawkins,65133344,M,Flowers of Acacia,3D,10.12,2025-10-23,2026.0,Drama,,
Kristin Miller,24507583,F,I Wish I Could Meet You Again on the Hill Where That Flower Blooms (2023),3D,10.27,2026-02-27,2023.0,,,
Matthew Hall,24764663,M,Love Tasting,Normal,6.95,2026-03-19,2020.0,Drama,5.9,496.0
Michael Marks,94492110,M,Become Who You Are,Normal,7.15,2025-12-14,2020.0,Documentary,7.5,48.0
Brian Allen Jr.,69022844,M,Analyse et commentaires sur Princesse Mononoké,3D,13.09,2025-12-02,2026.0,Documentary,,
Matthew Tate,41438175,M,LeGrand,Normal,7.72,2026-04-14,2024.0,"Action,Adventure,Western",,
Michelle Green,74232953,F,"Yes, I Can't Swim",3D,12.65,2025-10-27,2022.0,Drama,5.6,129.0
Lisa Mcintosh,59742566,F,Dandakali,Normal,6.8,2026-05-22,2026.0,,,
Holly King,90495510,F,Ose Ouvrir,Normal,7.23,2025-11-17,2022.0,Action,,
Joe Nielsen,60530565,M,The Last Man on the World,Normal,7.45,2026-05-13,2024.0,"Drama,Sci-Fi",,
Samantha Rosario,94336306,F,I Want to Believe 3: Aliens Among Us,3D,12.4,2025-12-24,2023.0,Documentary,6.9,10.0
Tony Henderson,18856033,M,Captain Sabertooth and the Countess of Grel,3D,13.67,2026-03-11,2025.0,"Adventure,Animation,Family",5.6,207.0
Nicole Tran,60603875,F,50 años de Universidad de Córdoba,Normal,6.69,2026-07-16,2022.0,Documentary,,
Norman Andrews,23290232,M,BonnBagers - Länge leve skotern,Normal,8.35,2026-03-24,2025.0,Documentary,,
Michael Matthews,10956204,M,12 anni matti,3D,11.72,2026-06-20,2024.0,Documentary,,
Brandon Torres,24958491,M,The Secret Life of Seals,Normal,8.07,2026-08-25,2022.0,Documentary,6.0,7.0
Mr. Steven Hanson DVM,26285463,M,The Dancing Queen,3D,12.47,2026-08-03,2024.0,Romance,5.2,31.0
Mary Burke,41466143,F,Humming,3D,13.13,2026-09-07,2023.0,Drama,,
Mary Burke,41466143,F,Humming,3D,13.13,2026-09-07,2026.0,Drama,,
Victor Joseph,84881384,M,Untrapped: The Story of Lil Baby,Normal,7.7,2026-02-03,2022.0,"Biography,Documentary,Music",6.6,563.0
Shannon Walter,75059553,F,Colonia Dignidad - Das lange Schweigen,Normal,8.75,2026-09-24,2020.0,Documentary,7.9,7.0
Gina Garcia,39555482,F,Saming,3D,12.09,2025-12-29,2026.0,Horror,,
Ms. Stephanie Dickerson,85928931,F,Tokyo Ride,Normal,8.31,2026-06-23,2020.0,Documentary,8.1,91.0
Tyler Knight,69077067,M,Trespassers,3D,10.43,2026-03-26,2024.0,Drama,,
Casey Cochran,45133796,M,Wandering Flavio,3D,11.8,2026-04-25,2024.0,Documentary,,
Sarah Nguyen,44664376,F,Grape Soda,Normal,8.41,2025-11-14,2022.0,Comedy,,
Leslie Harper,52005599,F,Nugget Is Dead: A Christmas Story,Normal,6.91,2026-04-02,2024.0,"Comedy,Drama",5.2,552.0
Christian Randall,42761093,M,El-Zebir,3D,10.47,2026-09-19,2022.0,Horror,2.6,12.0
Donald Jones,73028801,M,Running Home: Michael Wardian's Journey Across America,3D,12.08,2026-02-21,2024.0,Documentary,,
Alexander Young,89968433,M,Mind Talker,Normal,6.68,2025-11-12,2021.0,"Crime,Sci-Fi,Thriller",2.5,148.0
Stephanie Dunlap,86909912,F,Untold Stories: Hair on Set,3D,10.38,2026-02-18,2023.0,Documentary,7.4,15.0
Donald Hanson,18853056,M,Poder Del Pueblo,Normal,8.9,2026-08-14,2024.0,Animation,,
Kara Patrick,84331436,F,The Other Wife,3D,10.7,2026-03-29,2021.0,Drama,4.5,191.0
Kara Patrick,84331436,F,The Other Wife,3D,10.7,2026-03-29,2022.0,Drama,,
Steven Ayala,70989458,M,The Itinerant Teacher,Normal,6.96,2025-12-14,2023.0,Animation,7.0,7.0
James Ortiz,73519288,M,Standing Free,Normal,8.45,2026-08-17,2025.0,Documentary,,
John Hicks,50533366,M,Camping: Penunggu Hutan,3D,13.8,2026-07-23,2025.0,Horror,,
Teresa Franco,80122580,F,Love-All,3D,12.46,2026-05-05,2023.0,Sport,7.3,226.0
Matthew Mills,49755128,M,The Ugly Side of Kids TV,3D,11.88,2026-07-15,2022.0,Documentary,,
Pamela Hendricks,27938490,F,Elshanta,Normal,8.62,2026-06-15,2021.0,,1.4,14.0
Stephanie Mcintyre,71473815,F,Actors,3D,13.24,2025-11-23,2021.0,Drama,5.3,88.0
Dustin Black,95577888,M,Global Harmony,3D,12.99,2026-06-28,2024.0,"Drama,Thriller",3.1,114.0
Nancy Smith,25032979,F,The Contract,Normal,7.4,2026-05-15,2022.0,Drama,,
Nancy Smith,25032979,F,The Contract,Normal,7.4,2026-05-15,2024.0,"Comedy,Romance",2.6,161.0
Nancy Smith,25032979,F,The Contract,Normal,7.4,2026-05-15,2024.0,Thriller,6.5,123.0
Nancy Smith,25032979,F,The Contract,Normal,7.4,2026-05-15,2021.0,"Drama,Mystery",6.1,12.0
Lauren Medina,81452147,F,Dominion: A Novel (Audiobook),3D,13.8,2026-06-19,2025.0,,,
Tabitha Young,66677068,F,Platform,3D,11.19,2026-09-23,2020.0,"Biography,Documentary,Sport",6.8,156.0
Brian Campbell,54881844,M,Bobi Wine: The People's President,3D,13.1,2026-03-27,2022.0,Documentary,7.1,2014.0
Michael Young,72273683,M,Kate,3D,12.83,2025-12-05,2021.0,"Action,Adventure,Crime",6.3,78077.0
Kelly Ware,37443305,F,Matchmaking 3,Normal,6.73,2026-03-01,2026.0,Comedy,8.0,11.0
Wayne Newman,45252366,M,Marauders from the Mediterranean: The Macabre Magic of the Spanish Zombie Film,Normal,6.49,2026-05-07,2022.0,Documentary,6.7,10.0
Duane Perry,31765731,M,Fools,Normal,6.28,2026-05-14,2022.0,Drama,5.0,125.0
Allison Freeman,84737780,F,"Black, Queer & Done",3D,10.62,2026-07-10,2022.0,Documentary,,
Margaret Smith,51071262,F,Putin's Shadow on Africa: The Central African Republic Model,Normal,7.66,2026-07-02,2024.0,Documentary,,
Aaron Burns,84438464,M,Lost Dad,Normal,8.67,2025-12-07,2024.0,Comedy,,
Richard Mays,21905871,M,Spirou contre les nazis,Normal,8.07,2025-10-08,2026.0,Documentary,,
Loretta Stewart,69385453,F,Cocky and the Golden Nugget,Normal,8.46,2026-09-09,2021.0,Comedy,,
Cindy Davis,59118889,F,The Ringing Bell,3D,11.89,2026-09-11,2020.0,"Drama,Sci-Fi",7.5,18.0
Rebecca Anderson,48830989,F,Monster Mash,Normal,7.48,2026-04-09,2024.0,Horror,3.6,600.0
James Wells,69667704,M,28,3D,12.11,2026-06-12,2025.0,"Animation,Comedy,Drama",,
Kathleen Martin,70335997,F,The Underground: Director's Cu,3D,10.84,2026-03-16,2021.0,"Biography,Documentary,Sci-Fi",5.2,271.0
Veronica Henry,84375541,F,Alla Bellezza - To Beauty,Normal,6.56,2026-04-11,2021.0,Drama,,
Nathan Harmon,50937189,M,Etika dolga,Normal,6.17,2026-02-13,2022.0,"Comedy,Crime",4.9,38.0
Joy Miller,27130008,F,Beyond Conception,Normal,7.27,2026-09-29,2024.0,Drama,,
Cheryl York,60875453,F,The Truth and Tragedy of Moriah Wilson,Normal,6.25,2026-05-07,2026.0,"Crime,Documentary",6.6,5256.0
Robert Bowers,17828321,M,Gli attassati,3D,10.84,2026-09-20,2023.0,Comedy,4.6,128.0
Robert Elliott,44508446,M,Downright Fondness,Normal,6.27,2026-03-07,2024.0,Drama,,
Diane Walker,93149044,F,Return of Punch and Judy,3D,10.01,2026-07-11,2023.0,Horror,5.8,184.0
Melanie Jones,64148440,F,One Night at KitKat,Normal,8.31,2026-02-02,2026.0,Documentary,,
Marilyn Benitez,67175385,F,The Aegean,3D,11.24,2025-12-27,2024.0,Drama,7.1,62.0
Christy Drake,28149542,F,Genderpoli,3D,12.66,2026-06-18,2023.0,Documentary,7.4,23.0
Ronald Brown,76764560,M,"Lorencito, la vida de Pablo Contreras",Normal,6.42,2026-02-08,2025.0,Biography,,
David Lowery,11099377,M,I am Hibs,Normal,6.23,2025-11-24,2026.0,Documentary,,
Michael Fisher,61964124,M,Ladies Choice,Normal,7.92,2026-06-13,2022.0,Thriller,6.2,37.0
Samuel Kelly,62585828,M,Ice Aged,Normal,8.77,2025-11-04,2024.0,"Documentary,Sport",6.3,9.0
Emily Russell,78649776,F,The Buy Bust Queen,3D,10.24,2026-01-30,2022.0,Action,,
Robert Terry,20839023,M,Scissors,3D,13.02,2026-03-02,2025.0,Horror,6.1,148.0
Robert Terry,20839023,M,Scissors,3D,13.02,2026-03-02,2025.0,Horror,2.2,267.0
Robert Terry,20839023,M,Scissors,3D,13.02,2026-03-02,2026.0,Drama,5.2,429.0
Rhonda Taylor,28854608,F,206: Unearthed,Normal,6.52,2025-12-24,2021.0,"Documentary,History,War",,
Ms. Emily Maldonado DDS,60968807,F,Kisses,3D,10.3,2025-11-21,2020.0,Romance,,
Monica Nielsen,38327475,F,B-Gyrlz Unheard: Systahood and Sah-B,Normal,8.02,2026-09-15,2024.0,Documentary,,
Kaitlyn Holder,63993291,F,Lachhminiya,Normal,6.14,2026-09-25,2024.0,Drama,,
Wayne Rogers,48168909,M,Natural High,3D,11.72,2025-12-16,2022.0,Sport,,
Leslie Sanford,97387524,F,Rekindling Christmas,3D,10.25,2026-03-06,2020.0,Romance,6.5,89.0
Debra Wood,79043088,F,India Sweets and Spices,3D,13.97,2026-09-17,2021.0,,,
Debra Wood,79043088,F,India Sweets and Spices,3D,13.97,2026-09-17,2021.0,Comedy,6.1,1249.0
Andrea Mccall,71470722,F,Slaughterhouse on the Hill,3D,13.79,2026-05-29,2024.0,Horror,2.5,165.0
Keith Williamson,28097426,M,Kisses and Bullets,Normal,7.81,2026-01-25,2023.0,"Crime,Drama",6.1,16.0
Daniel Brown DDS,14142504,M,Alien in the Heartland,Normal,7.4,2026-05-22,2026.0,Sci-Fi,5.4,48.0
John Gonzalez,42443737,M,Alone Wolf,Normal,6.32,2026-06-10,2020.0,Thriller,4.3,240.0
Jillian Weber,98950464,F,Out of Time,Normal,6.36,2025-11-10,2024.0,Drama,7.5,20.0
Jillian Weber,98950464,F,Out of Time,Normal,6.36,2025-11-10,2021.0,"Horror,Mystery,Sci-Fi",6.8,67.0
Jillian Weber,98950464,F,Out of Time,Normal,6.36,2025-11-10,2021.0,"Action,Drama,Sci-Fi",5.6,1649.0
Jillian Weber,98950464,F,Out of Time,Normal,6.36,2025-11-10,2020.0,Drama,5.5,96.0
Jillian Weber,98950464,F,Out of Time,Normal,6.36,2025-11-10,2026.0,Sci-Fi,,
Lindsey Olson,38601755,F,Muthoniwa,3D,12.16,2026-08-09,2021.0,Thriller,,
Nicole Hawkins,45285513,F,When I Was Alive,3D,12.71,2026-09-27,2022.0,Comedy,,
Erica Howard,16897479,F,El nido,3D,12.44,2026-08-04,2021.0,"Horror,Thriller",4.5,44.0
Erica Howard,16897479,F,El nido,3D,12.44,2026-08-04,2026.0,"Horror,Thriller",6.4,44.0
Bruce Martinez,76259094,M,Aurra a North Carolina Love Story,3D,10.82,2026-02-12,2026.0,"Romance,Sci-Fi",,
Jamie Davis,52467742,F,The Photo That Changed Everything,Normal,7.41,2026-01-04,2026.0,Action,5.8,41.0
Laura Guerra,31246498,F,Things We Do in the Shadow,Normal,6.9,2025-12-08,2022.0,Drama,,
Peter Taylor,31917862,M,The Crawling,Normal,6.61,2025-10-09,2026.0,"Horror,Thriller",,
Jonathon Bell,21251427,M,The Walls of Bergamo,Normal,7.03,2026-08-09,2023.0,Documentary,6.6,28.0
Jason Mclean,14491290,M,Restart,3D,12.61,2025-10-17,2021.0,Drama,5.9,13.0
Jason Mclean,14491290,M,Restart,3D,12.61,2025-10-17,2025.0,"Comedy,Drama,Romance",3.5,1533.0
Diana Ramsey DVM,45814864,F,Last Gasp the Gospel of Damion,3D,13.95,2026-07-16,2024.0,Drama,5.9,15.0
Robert Johnson,71440668,M,Les Survivantes,Normal,7.82,2026-01-02,2024.0,Documentary,8.2,36.0
Laura Fisher,51382625,F,Black Night,Normal,7.63,2025-10-29,2022.0,"Crime,Drama,Thriller",6.9,2342.0
Laura Fisher,51382625,F,Black Night,Normal,7.63,2025-10-29,2025.0,,7.9,1054.0
Jerry Davis,39778042,M,Sheru,3D,10.82,2026-06-27,2020.0,"Adventure,Drama",,
Daniel Faulkner,75213168,M,Love Poem,3D,10.43,2026-05-15,2020.0,Drama,6.8,10.0
Daniel Faulkner,75213168,M,Love Poem,3D,10.43,2026-05-15,2022.0,Drama,,
Carol Anderson,83963385,F,Zhi ming chao xi,Normal,6.26,2026-01-20,2026.0,"Action,Crime",5.1,49.0
Alison Dunn,73237299,F,Gray's Disconnect,3D,13.88,2026-07-24,2025.0,"Crime,Drama,Thriller",,
Linda Leonard,26445203,F,Juzga,Normal,8.39,2026-01-20,2022.0,Thriller,,
Vanessa Thompson,15169364,F,Finally There's Sun: A Cabaret of Resilience,Normal,8.13,2026-03-21,2022.0,Musical,,
Laurie Scott,92864275,F,I Am This Dark World's Light,3D,11.6,2026-03-08,2024.0,Documentary,,
Abigail Rivera,30068820,F,Under the Sky of Damascus,Normal,6.54,2026-06-28,2023.0,Documentary,7.0,98.0
Andrew Stevenson,77263431,M,Pioneers in Skirts,3D,12.93,2026-07-03,2020.0,Documentary,8.0,84.0
Maxwell Nichols,79115857,M,Xian Ni Ju Chang Ban Shen Lin Zhi Zhan,3D,12.13,2026-09-08,2025.0,Animation,7.5,7.0
Tracy Campos,73943286,F,Yarrabirri,3D,10.99,2026-09-11,2021.0,"Action,Drama",,
Edward Sims,11879754,M,Heroic,Normal,7.8,2026-08-21,2022.0,Drama,,
Edward Sims,11879754,M,Heroic,Normal,7.8,2026-08-21,2023.0,"Drama,Thriller",6.7,1863.0
Lisa Gutierrez,36870399,F,The Courage to Continue,3D,11.63,2026-09-12,2022.0,Documentary,,
Cory Johnston,26080635,M,The Land of Forgotten Songs,3D,13.17,2026-01-06,2024.0,Documentary,7.0,11.0
Keith Price,72527220,M,Toloriu,Normal,6.94,2026-06-19,2020.0,Documentary,7.5,11.0
Jason Scott,79012693,M,Picando alante,3D,12.75,2025-10-06,2022.0,Comedy,8.0,139.0
Leslie Williams,83383008,F,Our Own,Normal,6.97,2026-08-28,2020.0,Drama,,
Tracey Humphrey,16268408,F,Armour Hung,Normal,6.11,2026-06-22,2023.0,Documentary,,
Julia Shaw,80996102,F,T.R.P. Rama,Normal,7.72,2026-07-08,2023.0,Drama,,
Christian Baker,42661273,M,Shadi Mein Zaroor Aana,3D,11.06,2026-04-06,2023.0,"Drama,Family",7.4,32.0
Kaitlin Brown,81239010,F,Portti 44,3D,13.07,2026-01-27,2024.0,Thriller,5.2,33.0
Sarah Lewis,57554784,F,Dust to Dust,Normal,7.97,2026-02-28,2023.0,"Crime,Drama",6.2,473.0
Sarah Lewis,57554784,F,Dust to Dust,Normal,7.97,2026-02-28,2024.0,Documentary,7.3,21.0
Erica Perez,99009660,F,Bajo el silencio,Normal,7.1,2026-03-13,2020.0,Documentary,7.2,21.0
Karen Crosby,87101130,F,Zlatan's Nose,3D,10.52,2025-11-16,2025.0,"Documentary,Mystery",6.4,135.0
Samantha Anderson,57351575,F,Madame Marguerite,Normal,8.72,2026-04-15,2022.0,Drama,,
Kerry Walker,93334845,M,Clancy Sigal: Hollywood Blacklist to 'A' List,Normal,8.85,2026-09-12,2023.0,"Biography,Documentary,History",,
Jill Smith,81543809,F,The Erasmus Generation,3D,10.26,2026-01-11,2024.0,Documentary,,
Kristen Hernandez,79717315,F,Nerdy Prudes Must Die,3D,12.39,2026-02-23,2023.0,"Comedy,Horror,Musical",8.0,854.0
Laura Lewis,57152157,F,Black Pepper,Normal,8.07,2026-08-15,2025.0,Action,,
Victoria Harris,64892890,F,Jack Stone: Against All Odds,Normal,7.56,2026-03-07,2025.0,Action,,
Jonathon Moore,58100594,M,Midwinter Break,3D,13.62,2026-03-16,2026.0,"Drama,Romance",6.0,1705.0
Jeffrey Terry,53941019,M,Thunderbird,Normal,8.65,2025-11-06,2022.0,"Crime,Drama,Thriller",4.5,23.0
Jeffrey Terry,53941019,M,Thunderbird,Normal,8.65,2025-11-06,2021.0,Thriller,4.5,296.0
Julia Walker,22267928,F,Remember This,Normal,8.77,2026-09-24,2022.0,Drama,9.0,92.0
Kendra Cox,86413158,F,Amma,Normal,7.45,2025-12-30,2021.0,Drama,,
Kendra Cox,86413158,F,Amma,Normal,7.45,2025-12-30,2025.0,Family,,
Kendra Cox,86413158,F,Amma,Normal,7.45,2025-12-30,2025.0,Crime,,
Dr. Richard Johnson,67861753,M,Masterclass + Q & A di Bong Joon-ho al Florence Korea Film Fest 2023,Normal,8.37,2026-09-15,2023.0,Documentary,,
Ronnie Watkins,34129610,M,The Devil's Void,3D,11.76,2026-02-27,2022.0,Horror,2.5,53.0
Kristen Lopez,22873648,F,Orang Perang,3D,13.35,2026-01-05,2026.0,"Action,Crime,Drama",,
Kathleen Walker,18386349,F,Control,Normal,6.85,2026-01-11,2021.0,Thriller,,
Kathleen Walker,18386349,F,Control,Normal,6.85,2026-01-11,2022.0,"Mystery,Sci-Fi,Thriller",4.3,1252.0
Kathleen Walker,18386349,F,Control,Normal,6.85,2026-01-11,2020.0,Drama,,
Kathleen Walker,18386349,F,Control,Normal,6.85,2026-01-11,2023.0,"Action,Thriller",3.4,249.0
Kathleen Walker,18386349,F,Control,Normal,6.85,2026-01-11,2020.0,Thriller,,
Russell Sims,10748789,M,Die SMS,3D,10.68,2026-08-13,2020.0,Horror,5.6,9.0
Elizabeth Webster,13485592,F,Kanbghik... Talaqni,Normal,7.16,2026-04-10,2022.0,Comedy,,
Steven Mejia,89761149,M,Ekranoplans: Unconditional Loop Promotional Film,3D,10.08,2026-02-16,2021.0,Music,,
Dr. Benjamin Cohen PhD,58836447,M,MMA Cop,3D,13.17,2026-03-07,2025.0,"Action,Crime,Thriller",3.8,125.0
Cheryl Smith,94925950,F,Storia di una Mistress,3D,12.56,2026-08-11,2026.0,Drama,,
Tonya Wilson,37484354,F,Land II,Normal,8.98,2026-01-10,2020.0,Drama,,
Daniel Adams,20292695,M,The Story Never Truly Told,3D,11.68,2026-03-28,2022.0,Documentary,,
Stephanie Robinson,65853819,F,The Underachievers,Normal,8.11,2026-03-22,2026.0,Comedy,,
Thomas Marquez,94081739,M,The White Fang,Normal,7.05,2026-05-19,2021.0,"Adventure,Drama,Fantasy",,
Sarah Holder,76314631,F,Sayonara,3D,12.48,2025-11-16,2021.0,"Comedy,Drama,Musical",,
Amanda Wilkins,33575322,F,Memórias do Front,3D,11.89,2026-06-01,2021.0,Documentary,,
Joshua Hamilton,12467832,M,Those Who Say No!,3D,12.46,2025-12-08,2025.0,Documentary,5.8,12.0
Justin Anderson,76540710,M,Pure O,Normal,6.04,2026-08-24,2023.0,Drama,5.6,179.0
Mark Brown,98001922,M,Maurice,3D,10.97,2026-04-14,2025.0,Documentary,7.8,38.0
Jonathan Spencer,10736899,M,Czarna owca,3D,10.42,2025-10-11,2021.0,"Comedy,Drama",6.5,713.0
Joseph Bates,55977603,M,Twist,Normal,8.07,2026-06-06,2021.0,"Action,Drama,Thriller",4.3,3366.0
Joseph Bates,55977603,M,Twist,Normal,8.07,2026-06-06,2020.0,Romance,,
Joseph Bates,55977603,M,Twist,Normal,8.07,2026-06-06,2025.0,Crime,,
Megan Galvan,40482385,F,Okavango: River of Dreams - Director's Cut,3D,13.03,2026-02-01,2020.0,Documentary,7.7,39.0
Krystal Rodriguez,39499779,F,Mama's Boy,Normal,8.62,2025-10-07,2022.0,"Biography,Documentary",7.9,681.0
Krystal Rodriguez,39499779,F,Mama's Boy,Normal,8.62,2025-10-07,2022.0,Drama,,
Krystal Rodriguez,39499779,F,Mama's Boy,Normal,8.62,2025-10-07,2024.0,Drama,5.4,73.0
Robert Sullivan,46453922,M,Andrew Trimble: For Ulster & Ireland,3D,13.57,2026-09-08,2024.0,History,,
William Osborne,14419045,M,Conspiracy of Thieves,Normal,6.13,2026-05-25,2026.0,"Action,Thriller",,
Robert Jimenez,62217214,M,The Vows of Sam and Melanie,Normal,6.72,2025-10-10,2025.0,Drama,,
Ashley Campbell,19022540,F,Sisi London,3D,11.9,2025-10-12,2024.0,Comedy,,
Victoria Ortiz,46801224,F,Survivre une nuit dans la maison d'un psychopathe Partie 2,3D,12.85,2026-07-25,2025.0,Thriller,,
Brandon Thomas,63256925,M,Side Effects,Normal,6.09,2026-06-07,2023.0,Drama,,
Brandon Thomas,63256925,M,Side Effects,Normal,6.09,2026-06-07,2021.0,Comedy,,
Brandon Thomas,63256925,M,Side Effects,Normal,6.09,2026-06-07,2023.0,"Comedy,Fantasy",,
Andrew Riggs,63389023,M,Touch the Boulder,3D,13.45,2026-07-06,2021.0,Documentary,,
Joshua Rodriguez,36953934,M,Logan & Jake Paul: Internet Takeover,Normal,7.3,2026-03-07,2024.0,Documentary,,
Dr. Mariah Ramos,14786042,F,Back Home,3D,10.33,2026-06-06,2021.0,Documentary,,
Dr. Mariah Ramos,14786042,F,Back Home,3D,10.33,2026-06-06,2022.0,Documentary,8.0,10.0
Dr. Mariah Ramos,14786042,F,Back Home,3D,10.33,2026-06-06,2023.0,"Drama,Horror",5.7,272.0
Dr. Mariah Ramos,14786042,F,Back Home,3D,10.33,2026-06-06,2021.0,Documentary,,
Dr. Mariah Ramos,14786042,F,Back Home,3D,10.33,2026-06-06,2025.0,"Comedy,Crime,Drama",,
Dr. Mariah Ramos,14786042,F,Back Home,3D,10.33,2026-06-06,2025.0,Documentary,5.8,51.0
David Rivera,95663670,M,Meer,Normal,7.23,2026-09-30,2023.0,Documentary,,
Christina Davis,34421833,F,Diary of a Wimpy Kid,3D,10.47,2025-10-18,2021.0,"Animation,Comedy,Drama",5.1,5330.0
David Walter,46116008,M,Inyota y'Umutima,3D,12.6,2026-08-15,2022.0,,,
Richard Robinson,52168492,M,FriEnemy,Normal,6.49,2026-06-29,2026.0,Comedy,,
Morgan Mccoy,97239837,F,I Will Live,Normal,6.86,2025-11-22,2022.0,"Comedy,Drama,Romance",6.1,123.0
Scott Johnson,85326214,M,Ski Track,Normal,7.47,2026-07-17,2022.0,Documentary,,
Jeffrey Williams,52409129,M,Nightmare,Normal,6.5,2026-05-21,2020.0,Drama,,
Jeffrey Williams,52409129,M,Nightmare,Normal,6.5,2026-05-21,2022.0,"Drama,Horror,Mystery",5.0,1199.0
Jeffrey Williams,52409129,M,Nightmare,Normal,6.5,2026-05-21,2025.0,Horror,,
Jeffrey Williams,52409129,M,Nightmare,Normal,6.5,2026-05-21,2026.0,"Horror,Thriller",,
Sherry Conley,15901057,F,Topannah,3D,13.96,2026-06-15,2023.0,Action,,
Randy Campbell,30208522,M,Soon,Normal,8.44,2026-01-21,2025.0,"Drama,Mystery,Thriller",4.0,23.0
Wyatt Jones,99639004,M,Legend of Wisteria Falls,Normal,6.14,2025-12-28,2021.0,Fantasy,,
William Guerra,50629819,M,Lesson Plan,3D,11.3,2025-11-12,2022.0,"Action,Crime,Drama",5.1,2408.0
Mary Williams DVM,10676660,F,Roden,3D,11.85,2025-11-11,2022.0,"Drama,Music",,
Joshua Jackson,55756526,M,Vera de Verdad,Normal,7.53,2026-09-28,2020.0,"Drama,Mystery",6.3,56.0
Seth Clark,98549134,M,The Apprentice,Normal,6.99,2025-12-03,2021.0,Drama,,
Seth Clark,98549134,M,The Apprentice,Normal,6.99,2025-12-03,2024.0,"Biography,Drama,History",7.1,75946.0
David Dodson,10516113,M,Gauntlet,3D,10.61,2026-05-04,2021.0,"Action,Adventure,Sci-Fi",6.8,51.0
Elizabeth Smith,50030029,F,Buried in the Backyard: The UWA Story,3D,11.73,2025-11-04,2021.0,Documentary,,
Theresa Quinn,32465028,F,"Marisol, llámame Pepa",Normal,8.58,2026-04-13,2024.0,"Biography,Documentary",6.8,138.0
Joan Cortez,40060286,F,Devmanus,Normal,6.61,2026-02-27,2025.0,Drama,6.7,181.0
Marcus Roberts,98515638,M,Fallacy,3D,11.52,2025-11-28,2023.0,Music,,
Caleb Phillips,70190851,M,Only the Devil Lives Without Hope,Normal,8.03,2026-04-17,2020.0,Documentary,7.0,44.0
Wendy Sullivan,77443908,F,Meet Me Outside,Normal,7.92,2025-10-09,2021.0,Romance,7.0,23.0
Wendy Sullivan,77443908,F,Meet Me Outside,Normal,7.92,2025-10-09,2024.0,Drama,2.5,28.0
Kaylee Jones,11665303,F,Elang,3D,10.21,2026-02-01,2025.0,"Drama,Sport",6.8,16.0
Brianna Miller,71175494,F,Trond Giske - Makta rår,3D,12.45,2026-06-07,2021.0,Documentary,6.7,144.0
Caitlyn Conner,29450970,F,Clay's Redemption,3D,11.89,2026-01-01,2020.0,"Fantasy,Thriller",3.4,176.0
Pamela Allen,44237150,F,Tada anata wo rikai shitai,3D,10.03,2026-07-16,2024.0,Drama,,
Stephanie Mahoney,24213020,F,For Satos Sake,Normal,6.64,2026-08-14,2023.0,Documentary,,
Jason Wilson,92055678,M,Leather Clad,Normal,6.49,2026-06-19,2025.0,"Comedy,Crime",,
Nathan Gonzales,44941187,M,The Drive,3D,12.5,2026-09-25,2025.0,Drama,,
Nathan Gonzales,44941187,M,The Drive,3D,12.5,2026-09-25,2025.0,,,
Blake Clayton,67896571,M,The Dear John Letter,Normal,6.62,2026-07-12,2024.0,Documentary,7.5,26.0
Ashley Hansen,73918409,F,Die Militante Veganerrin vs Apo & Leon,Normal,7.96,2025-10-05,2022.0,Talk-Show,,
Amy Salinas,46124432,F,Ernesto on Earth,Normal,7.64,2025-11-28,2020.0,Documentary,9.1,9.0
Bernard Wheeler,41727551,M,Uncrushable,Normal,8.09,2026-01-25,2022.0,Drama,,
Cameron Ruiz,55685753,M,Dear Tutu: Operation T-Rex,3D,11.49,2026-03-03,2021.0,,,
John Jenkins,87936577,M,Jestes mechanizmem niszczacym...,Normal,8.49,2026-04-17,2022.0,Documentary,,
Garrett Franklin,25911252,M,Larks in a burdock field,3D,10.55,2026-02-27,2023.0,Drama,,
James Taylor,23037045,M,Rose Stone Star,Normal,6.02,2025-12-28,2020.0,Drama,6.1,144.0
Jodi Gonzalez,48200851,F,Hell or Tidewater,3D,11.68,2026-01-19,2020.0,Action,3.6,50.0
Peter Alvarez,40623878,M,Playa Connection Da Comedy Movie,3D,11.26,2026-07-31,2023.0,Comedy,,
Lynn Cook,21669577,F,Senior Entourage,Normal,7.05,2026-02-24,2021.0,Comedy,4.0,142.0
Michael Chen,50875827,M,On Da Run,Normal,8.59,2026-05-09,2023.0,Drama,6.9,30.0
Mary Stewart,19886448,F,Bruised Heel,3D,10.83,2026-07-23,2025.0,Drama,,
Richard Fields,67914389,M,Cancel 2,Normal,6.67,2026-06-26,2027.0,Comedy,,
Cassandra Garcia,63001339,F,Cyclus,Normal,8.96,2025-11-01,2024.0,Thriller,,
Peter Martin,56465276,M,The Decolonisation of Africa (A documentary series),3D,11.06,2026-05-27,2024.0,,,
Michael Vaughn,62774605,M,The Bird,3D,13.58,2026-06-24,2021.0,Drama,,
David Hester,10020276,M,The Girl in the Trunk,Normal,6.01,2025-12-06,2024.0,"Horror,Thriller",3.4,381.0
Katherine Long,19298509,F,Common Man,3D,12.55,2026-05-14,2025.0,Thriller,6.2,170.0
Katherine Long,19298509,F,Common Man,3D,12.55,2026-05-14,2026.0,"Comedy,Drama",9.6,2002.0
Daniel Mcgee,64026433,M,Charlie's Christmas Wish,Normal,6.44,2026-09-06,2020.0,"Drama,Family",4.8,193.0
Anthony Miller,95759940,M,Tyler Perry's Joe's College Road Trip,Normal,8.05,2026-01-07,2026.0,"Adventure,Comedy",5.5,2906.0
Robert Murray,65275119,M,Kadhikan,Normal,6.62,2026-08-18,2023.0,Drama,3.4,120.0
Christopher Johnson,16086994,M,Mrithyunjay,Normal,6.59,2026-09-02,2026.0,"Crime,Thriller",6.3,1155.0
Robert Wagner DVM,87525741,M,Voices of the Holocaust,3D,13.64,2026-01-28,2025.0,Documentary,,
Jacob Murphy,89690098,M,Far from the World,3D,12.38,2026-03-18,2025.0,Documentary,,
Justin Simmons,34435044,M,Kamen Rider Zero-One: Real×Time,Normal,8.37,2025-12-06,2020.0,"Action,Sci-Fi",7.3,222.0
Melissa Salas,40190267,F,Baba Yaga spasaet mir,3D,10.16,2026-02-10,2023.0,"Adventure,Comedy,Family",4.7,289.0
James Merritt,84744921,M,Greenwood,3D,13.64,2026-06-16,2022.0,Drama,,
Tyler Burgess,99838181,M,Navigate,Normal,6.97,2026-08-03,2021.0,Drama,6.8,22.0
Debbie Sanders,57829238,F,Vietnam: Kill Zone,3D,10.64,2026-03-28,2026.0,War,3.7,10.0
Elizabeth Brown,16862691,F,Nagyecsed: The Documentary,3D,10.07,2026-02-23,2021.0,Documentary,,
Russell Arias,87319917,M,Carcass,Normal,8.49,2025-10-10,2025.0,Thriller,6.7,43.0
Joseph Gonzalez Jr.,87103752,M,Håkan Hurricane 2,Normal,8.02,2026-04-17,2024.0,"Adventure,Comedy,Family",5.4,238.0
Richard Horton,14794554,M,Rifftrax: Yor - The Hunter from the Future,Normal,7.03,2025-12-17,2021.0,Comedy,6.5,63.0
Nicole Hudson,72880350,F,Cyrille,3D,12.71,2025-10-07,2020.0,Documentary,7.5,64.0
Christopher Holt,32624806,M,Vanya Usovich: Another day,3D,11.05,2026-03-18,2020.0,Comedy,7.2,13.0
Kyle Young,16431649,M,Peltipurkkiunelmia,Normal,8.01,2025-11-12,2025.0,Crime,,
Douglas Edwards,98534571,M,Broken Things,3D,11.56,2025-12-04,2025.0,Thriller,,
Susan Hall,32752197,F,Ma to sens,Normal,6.73,2025-12-02,2026.0,Comedy,6.3,26.0
Eugene Beltran,14485359,M,On Set with Marc Anthony,3D,13.69,2026-09-04,2024.0,Documentary,,
John Kramer,52727626,M,Still Today,3D,11.25,2026-07-10,2020.0,"Comedy,Romance",5.5,189.0
Michael Jones,36830888,M,Dark Blood,3D,13.39,2026-08-30,2021.0,"Crime,Drama,Thriller",5.1,154.0
Marissa Bridges,15936098,F,The People's Joker,Normal,8.4,2026-07-20,2022.0,Comedy,6.3,2331.0
Steven Garcia,26326386,M,A Peculiarly Bizarre Day for Josie Joan,Normal,7.26,2025-10-18,2023.0,Comedy,,
Sharon Gutierrez,76202533,F,Predators,3D,10.87,2026-04-22,2020.0,"Comedy,Crime",6.3,32.0
Sharon Gutierrez,76202533,F,Predators,3D,10.87,2026-04-22,2025.0,"Crime,Documentary,Thriller",6.6,3852.0
Nancy Frye,64551908,F,Up 64,3D,13.01,2026-07-28,2024.0,Drama,,
Vanessa Taylor,11745502,F,A Home for the Holidays,Normal,8.35,2026-04-11,2023.0,"Drama,Romance",5.2,299.0
William Meadows,96058797,M,Vaan Moondru,3D,10.12,2026-07-24,2023.0,"Drama,Romance",6.2,161.0
Brandon Robinson,42937282,M,Athu Vaangina Ethu Elavasam,Normal,6.9,2025-12-17,2025.0,Comedy,,
Debra Elliott,26332166,F,Baazingg Khwatai,Normal,6.52,2025-10-22,2026.0,"Mystery,Thriller",8.8,61.0
David Espinoza,45570952,M,Os Afro-sambas: O Brasil de Baden e Vinícius,Normal,8.11,2025-10-31,2025.0,"Documentary,Music",7.6,41.0
Amy Golden,23128280,F,Kalave Mosagara,Normal,6.64,2025-10-16,2025.0,Drama,5.6,1163.0
Alexis Atkins,23977916,F,Willowvale Harbor,3D,10.12,2025-11-30,2021.0,Horror,,
Matthew Perez,61970626,M,As Promised,Normal,7.8,2026-06-30,2022.0,Mystery,,
Rose Price,87934979,F,Petr Kavan - Kola osudu,Normal,8.13,2026-07-23,2025.0,Documentary,,
Cindy Greer,45287129,F,It Was Written: The Foundation,Normal,7.62,2026-09-05,2026.0,Documentary,,
Michael Castro,25303107,M,Paise Wali Bahu,3D,10.44,2026-04-27,2025.0,"Drama,Family,Romance",,
Angel Butler,20139063,M,Place Like This,Normal,6.06,2026-03-06,2021.0,,,
Alyssa Thomas,52707490,F,A Week Away,Normal,7.66,2026-02-01,2021.0,"Drama,Family,Musical",5.8,6182.0
Daniel Paul,26950507,M,Candy 2,Normal,6.62,2025-10-04,2022.0,Action,3.9,36.0
Valerie Williams,64702983,F,Mister Mayfair: Shooting Paul,3D,10.05,2026-04-01,2021.0,"Action,Crime,Drama",5.6,49.0
Barry Vaughan,42236960,M,A Kwanzaa Family Vacation,Normal,8.64,2025-12-19,2023.0,Comedy,,
Kristin Vega,39836181,F,Four Hours a Day,Normal,8.62,2026-02-20,2022.0,Documentary,,
Jenna Gay,65549315,F,Bandes d'hystériques,3D,13.26,2026-03-28,2026.0,Documentary,,
Erin Bush,90433722,F,Forest Folk,3D,13.34,2026-05-26,2023.0,Documentary,,
Michael Martinez,54961138,M,Die Welt ist eine Kugel,Normal,8.57,2026-03-29,2026.0,Documentary,,
Elizabeth Allen,10899483,F,El hogar fue sepultado en esa tierra que nunca pudimos encontrar,Normal,7.13,2026-09-11,2026.0,Documentary,7.5,8.0
Dominic Green,59399657,M,Lovers Bid Farewell with a Glance,Normal,7.27,2025-10-07,2025.0,Drama,7.9,24.0
Taylor King,10979749,F,Brobixby,Normal,7.62,2026-09-06,2024.0,Comedy,,
Cynthia Oconnell,52198818,F,MasterClass: Jake Shimabukuro Teaches Ukulele,Normal,7.24,2026-08-05,2020.0,,,
James Ward,66919615,M,Living the Dream,Normal,8.59,2025-10-23,2023.0,"Documentary,Sport",,
Elizabeth Jordan,56183260,F,Shells of Men,3D,12.73,2025-11-26,2020.0,Crime,6.0,7.0
Adam Nelson,89771815,M,Out of Place,3D,12.27,2026-04-05,2025.0,Drama,,
Robert Reed,71417397,M,Sundown in Makawee,Normal,6.38,2026-05-13,2026.0,Horror,,
Jennifer Calhoun,61318927,F,Madhura Wines,3D,12.52,2026-07-06,2021.0,Drama,5.0,113.0
Daniel Conley,68034786,M,Le biblioteche e la città - Conoscere per essere liberi,Normal,6.11,2026-07-14,2023.0,Documentary,,
Tonya Johnson,57210186,F,The Haunting of the Morgan Estate,Normal,7.72,2026-08-18,2020.0,Horror,5.9,107.0
Debbie Mcdowell,50397749,F,Wanderer,3D,11.77,2026-09-28,2024.0,"Drama,Fantasy",5.8,14.0
Whitney Bond,59306505,F,"La forêt, c'est la classe!",3D,10.65,2026-04-29,2024.0,Documentary,,
Tina Simon,38204402,F,E P KO 306,3D,10.58,2026-04-22,2021.0,Drama,3.8,7.0
James Bailey,73028566,M,Day by Day 5,3D,10.7,2026-05-08,2021.0,Drama,,
Anna Campbell,85962323,F,Wine Club,Normal,8.68,2026-08-01,2023.0,Comedy,5.3,114.0
Vanessa Jones,62293970,F,Não Peça Desculpas,Normal,8.74,2026-04-23,2024.0,Drama,,
Mark Dunn,12364493,M,Bears: The Movie,3D,13.9,2026-02-01,2025.0,Drama,,
David Gonzalez,19704468,M,Arbenin's Mask,3D,13.5,2026-02-07,2021.0,Documentary,,
Barbara Adams,81154237,F,Wahter Colour,Normal,7.42,2025-11-28,2020.0,Documentary,,
John Hernandez,22221085,M,Volare,3D,13.46,2026-09-14,2023.0,Comedy,5.1,191.0
John Hernandez,22221085,M,Volare,3D,13.46,2026-09-14,2023.0,Documentary,,
John Hernandez,22221085,M,Volare,3D,13.46,2026-09-14,2026.0,,,
James Burnett,68908508,M,Easter Dance: Chocolate Egg Hunt Party,3D,12.75,2025-11-28,2021.0,"Adventure,Animation,Comedy",,
Don Johnson,31120147,M,Start Over,Normal,6.78,2026-05-26,2022.0,"Drama,Sport",6.2,64.0
Mandy Pena,43754392,F,A Paranoid Russian,3D,13.88,2026-05-30,2023.0,Drama,,
Jennifer Nichols,95114082,F,Travel from Moscow to St. Petersburg on the ship 'Rossiya',3D,13.77,2026-07-25,2021.0,Documentary,9.1,28.0
Steven Johnston,63130008,M,Wish,3D,13.44,2025-10-14,2023.0,"Adventure,Animation,Comedy",5.5,51564.0
Steven Johnston,63130008,M,Wish,3D,13.44,2025-10-14,2020.0,"Crime,Drama",6.4,166.0
Steven Johnston,63130008,M,Wish,3D,13.44,2025-10-14,2023.0,Drama,4.0,6.0
Steven Johnston,63130008,M,Wish,3D,13.44,2025-10-14,2020.0,Animation,,
Steven Johnston,63130008,M,Wish,3D,13.44,2025-10-14,2021.0,"Drama,Family",,
Mr. Christopher Neal,32412072,M,Cue the Strings: A Film About Low,3D,11.24,2026-07-17,2023.0,"Documentary,Music",,
Hannah Beasley,41423016,F,Invisible Valley,Normal,7.87,2026-01-07,2021.0,"Documentary,Music",7.5,24.0
Valerie Carter,95998157,F,Seahorse,3D,13.17,2025-10-13,2026.0,Drama,7.2,9.0
Valerie Carter,95998157,F,Seahorse,3D,13.17,2025-10-13,2022.0,Drama,7.2,12.0
Thomas Wilson,70946257,M,Cuartu 207,Normal,6.44,2026-04-18,2025.0,Documentary,,
Mary Mueller,39965695,F,iGilbert,Normal,6.04,2025-11-22,2021.0,Drama,5.3,136.0
Kathryn Shelton,36827840,F,Free Fall: Who You Are,3D,12.6,2026-03-13,2026.0,"Drama,Romance",8.6,565.0
Robert Black,57176564,M,Walkaway Joe,3D,11.18,2026-07-09,2020.0,"Action,Drama",5.6,1637.0
John Coleman,27279435,M,The Mick and the Trick,Normal,7.99,2026-01-16,2024.0,"Action,Comedy,Crime",4.8,99.0
Ryan Jimenez,43115096,M,Que buena está mi comadre,3D,10.12,2026-04-07,2025.0,Comedy,,
Jonathan Bell,39049385,M,Para los jóvenes: a 20 años del 2006,Normal,6.78,2025-10-10,2026.0,Documentary,,
Melissa Fisher,86160402,F,Boys on Film 22: Love to Love You,Normal,8.37,2026-06-03,2022.0,Drama,6.7,67.0
Ernest Hicks,73894066,M,Undisclosed Location: The Haunted Mountain,3D,13.35,2026-05-03,2026.0,Documentary,2.6,14.0
Douglas Lopez,49585945,M,Monica Vitti l'attrice che nacque due volte,Normal,7.79,2025-11-06,2025.0,Biography,,
James Odonnell,45235583,M,It Can't Be Real,Normal,8.27,2026-09-26,2020.0,Drama,4.9,193.0
Shelby Walter,87969744,F,S.S.C. Napoli contro F.C. Internazionale Milano,3D,12.99,2026-07-19,2022.0,Drama,,
Patty Butler,60699622,F,The Fear Footage: 3AM,3D,10.8,2026-06-12,2021.0,Horror,4.5,454.0
Jennifer Dawson,55202964,F,Good Morning,Normal,8.33,2025-10-18,2022.0,Drama,7.6,22.0
Samantha Wade,72107469,F,"Hey, I Made This for You",3D,11.53,2026-06-26,2025.0,Drama,6.0,39.0
Leslie Hendrix,72806838,F,María La Diva Eterna,3D,13.03,2026-04-24,2023.0,Documentary,6.4,22.0
Charles Boyer,34431233,M,Fighting Over Sioux,Normal,7.99,2026-01-23,2020.0,Documentary,,
Jasmine Dennis,49413867,F,Cement: The final brick in the wall,Normal,8.71,2026-02-12,2025.0,,7.9,9.0
Steven Bennett,79481759,M,After All,Normal,6.97,2026-08-12,2024.0,Drama,7.4,37.0
Steven Bennett,79481759,M,After All,Normal,6.97,2026-08-12,2025.0,Family,6.8,1432.0
Courtney Hoffman,10040351,F,The Mystery at Twickenham Vicarage,3D,13.72,2026-01-23,2020.0,Comedy,,
Pamela Newman,83933115,F,Bhoomi (gujrati feature film),Normal,7.37,2026-04-09,2024.0,Family,,
Scott Schmidt,36207712,M,District Terminal,3D,12.94,2026-03-11,2021.0,Drama,6.0,80.0
Anthony Simmons,27144018,M,"Sira, sur la route",3D,10.79,2026-02-21,2023.0,Drama,,
Debra Anderson,68572949,F,The Nutcracker Live,Normal,8.58,2026-05-19,2024.0,Music,,
Samuel Smith,39469450,M,Mademoiselle Kenopsia,Normal,8.25,2025-10-16,2023.0,Drama,5.7,43.0
Jennifer Hernandez,12142194,F,Order to Kill,3D,12.47,2026-01-23,2022.0,"Crime,Drama,Thriller",8.0,11.0
Sydney Allen,66831891,F,Ostatni Dlug,3D,13.25,2025-11-29,2026.0,"Crime,Thriller",,
Kim Burton,88679983,F,Possible Landscapes,3D,13.06,2026-08-28,2025.0,Documentary,,
Aaron Anderson,58013360,M,The Fetch of Hobbler's Trench,3D,13.56,2026-04-22,2024.0,"Comedy,Drama,Horror",,
Kimberly Fox,59774660,F,TinkeR Man,Normal,7.56,2026-07-02,2023.0,Drama,,
Jean Hansen,81545147,F,IU Concert: The Golden Hour,3D,10.39,2026-01-31,2023.0,"Documentary,Music",8.8,135.0
David Smith,60800258,M,Niño de la Guerra,Normal,8.77,2026-02-05,2025.0,Documentary,,
Jaime Hanna,77287310,F,Hell Is Empty,3D,13.69,2026-07-26,2021.0,"Horror,Thriller",3.8,690.0
Rhonda Payne,69768858,F,Detective Chinatown 3,3D,13.73,2026-03-19,2021.0,"Action,Adventure,Comedy",5.6,3158.0
Robert Davis,32883991,M,Türkiye's Pavilion at the Cannes Film Market - Engin Akyürek,Normal,6.04,2026-09-20,2026.0,Drama,9.2,16.0
Christopher Ramirez,31570444,M,Colour of Independence,Normal,8.87,2026-02-03,2024.0,Documentary,,
Kenneth Williams,98358678,M,Summerhouse Slaughter,Normal,6.37,2026-07-28,2023.0,Horror,2.8,171.0
Paul Gay,10588181,M,Berserk,3D,13.03,2026-06-16,2022.0,Drama,,
Christopher Chambers,61231953,M,KI: Maschinenträume im Film,3D,11.86,2026-07-10,2024.0,Documentary,7.1,22.0
Marissa Ryan,78243674,F,Neru,3D,13.29,2026-06-17,2023.0,"Drama,Thriller",7.5,11447.0
Mr. Michael Moore,21461467,M,Henry Fonda for President,Normal,6.46,2025-10-18,2024.0,"Documentary,Drama",7.5,182.0
Justin Hammond,71833836,M,To Get Her,3D,11.9,2026-06-15,2025.0,Action,7.5,40.0
Autumn Castro,26676405,F,Post-Mortem,3D,10.43,2026-04-01,2021.0,Drama,,
Autumn Castro,26676405,F,Post-Mortem,3D,10.43,2026-04-01,2022.0,Documentary,,
Donna Rich,48258002,F,Dharani Mandala Madhyadolage,Normal,7.85,2026-05-08,2022.0,Drama,6.1,1174.0
Janet Brock,97991171,F,Supply Chain 3: The Last Straw,3D,11.72,2026-04-22,2023.0,Comedy,,
Ryan Woods,43132680,M,Dove osano le cicogne,Normal,7.65,2025-11-19,2025.0,Comedy,5.6,331.0
Anthony Bruce,68802150,M,Martial Universe 1: Immortal Stone of Nirvana,Normal,6.32,2026-08-30,2020.0,"Action,Adventure,Fantasy",5.7,153.0
Tracy Woods,75689697,F,Terminal Targets,3D,10.22,2026-07-05,2025.0,Action,,
Aaron Anderson,25602849,M,Calendar,Normal,8.39,2026-07-23,2023.0,Drama,7.2,13.0
Aaron Anderson,25602849,M,Calendar,Normal,8.39,2026-07-23,2026.0,Drama,,
Aaron Anderson,25602849,M,Calendar,Normal,8.39,2026-07-23,2027.0,Drama,,
Tracy Glenn,20169215,M,BomBhaat,Normal,6.64,2026-01-19,2020.0,"Action,Comedy,Sci-Fi",4.6,1726.0
Kristin Sweeney,84872451,F,Jack,3D,12.12,2026-07-26,2021.0,Comedy,6.6,25.0
Kristin Sweeney,84872451,F,Jack,3D,12.12,2026-07-26,2025.0,"Action,Comedy,Crime",4.7,1701.0
Rita Lucas,25153196,F,Granada: Relato de un Perdón,3D,11.28,2025-12-23,2020.0,Documentary,,
Sally Lewis,68363559,F,Broken,Normal,8.91,2026-06-10,2022.0,Thriller,7.0,12.0
Sally Lewis,68363559,F,Broken,Normal,8.91,2026-06-10,2020.0,,,
Sally Lewis,68363559,F,Broken,Normal,8.91,2026-06-10,2021.0,"Crime,Drama,Thriller",4.6,87.0
Sally Lewis,68363559,F,Broken,Normal,8.91,2026-06-10,2021.0,Drama,,
Sally Lewis,68363559,F,Broken,Normal,8.91,2026-06-10,2022.0,Drama,6.7,38.0
Sally Lewis,68363559,F,Broken,Normal,8.91,2026-06-10,2021.0,Drama,,
Sally Lewis,68363559,F,Broken,Normal,8.91,2026-06-10,2023.0,Drama,6.7,725.0
Sally Lewis,68363559,F,Broken,Normal,8.91,2026-06-10,2023.0,Romance,,
Sally Lewis,68363559,F,Broken,Normal,8.91,2026-06-10,2024.0,Crime,,
Sally Lewis,68363559,F,Broken,Normal,8.91,2026-06-10,2026.0,"Crime,Horror,Thriller",6.3,38.0
David Lewis MD,33877812,M,Hunter's Moon,3D,13.14,2026-04-17,2026.0,,,
David Lewis MD,33877812,M,Hunter's Moon,3D,13.14,2026-04-17,2020.0,"Crime,Horror,Thriller",3.6,1332.0
Steven Compton,44235880,M,Black n White,3D,10.77,2026-08-28,2023.0,"Action,Thriller",3.1,35.0
Steven Compton,44235880,M,Black n White,3D,10.77,2026-08-28,2023.0,Thriller,6.4,16.0
Jon Green,90555418,M,The Stained Hanes Show,3D,12.17,2026-04-16,2025.0,Comedy,7.5,16.0
Cory Fletcher,49230661,M,The Golden Cage,3D,12.72,2026-04-08,2023.0,Musical,,
Daniel Howard,41126301,M,Finding Dad,Normal,8.09,2026-05-06,2023.0,"Biography,Drama",,
Jessica Watson,34315252,F,Hora,Normal,8.3,2026-05-04,2025.0,Documentary,,
Kimberly Johnson,26131757,F,Master Zhong,3D,13.54,2026-08-25,2023.0,"Animation,Fantasy",5.8,28.0
Mark Gilbert,51707803,M,Peg O' My Heart,3D,13.49,2025-10-26,2024.0,"Crime,Drama,Horror",5.9,321.0
Kayla Parrish,76725973,F,Binodiini - Ekti Natir Upakhyan,3D,11.37,2025-11-01,2025.0,"Biography,History",7.2,363.0
Michael Meza,91067219,M,Mafia: Chapter 1,Normal,7.39,2025-12-10,2020.0,"Action,Crime,Drama",5.9,1871.0
Brian Lambert,70123836,M,Taptym-au seni 2,3D,13.0,2026-05-15,2024.0,Comedy,4.3,10.0
Thomas Thomas,18916058,M,Bettina,Normal,7.34,2026-01-28,2022.0,"Biography,Documentary",7.9,55.0
Heather Gonzalez,35038785,F,Thala,3D,10.76,2025-11-27,2021.0,Thriller,4.4,6.0
Heather Gonzalez,35038785,F,Thala,3D,10.76,2025-11-27,2025.0,Mystery,4.0,5123.0
Austin Warner,66011948,M,Then Came the Bottle Girls,Normal,8.32,2025-10-15,2024.0,"Action,Crime,Drama",6.6,9.0
Denise Mccarthy,17339548,F,The Desire to Live,Normal,8.22,2026-01-06,2021.0,Documentary,8.0,11.0
Jessica Lawson,82366339,F,Scarpe rotte,Normal,8.58,2026-02-17,2026.0,Drama,,
Brittany Wright,97396735,F,Frame,3D,11.93,2025-12-20,2026.0,Drama,7.2,155.0
Brittany Wright,97396735,F,Frame,3D,11.93,2025-12-20,2020.0,Documentary,,
Joseph Garza,94237703,M,East of Noon,Normal,6.11,2026-07-06,2024.0,"Comedy,Drama",6.8,68.0
Patrick Daniels,30555749,M,La Farsa: Una Obsesión Sin Limite,Normal,8.17,2025-12-25,2024.0,Documentary,,
Sandra Pham,69997586,F,Majhail,Normal,7.34,2026-09-27,2025.0,"Action,Crime,Thriller",6.5,319.0
Marvin Hudson,65883014,M,"La Grotte Cosquer, Des Origines a La Surface",Normal,6.49,2026-05-23,2022.0,Documentary,,
Joseph Gomez,82060382,M,Sehnsucht,3D,13.5,2026-08-14,2025.0,Horror,,
Spencer Thomas,93327055,M,L'amor fuggente,3D,11.14,2025-11-24,2026.0,"Comedy,Romance",,
Thomas Walker,67450870,M,Heavy,Normal,6.28,2026-03-05,2021.0,Drama,5.7,85.0
Thomas Walker,67450870,M,Heavy,Normal,6.28,2026-03-05,2026.0,Drama,8.8,7.0
Charles Diaz,60451360,M,Dear Cochise,3D,13.56,2026-08-17,2022.0,"Biography,Documentary",,
Tyler Mullins,28690671,M,Fureru,Normal,8.46,2025-12-23,2024.0,"Animation,Drama,Fantasy",6.2,181.0
Timothy Michael,58844793,M,Noi che lavoravamo alla Del Monte,Normal,6.23,2025-12-29,2022.0,Documentary,,
William Mcdonald,47468816,M,Tiziano Terzani: il viaggio della vita,3D,13.34,2026-07-20,2023.0,,8.3,12.0
Susan Walsh,25151560,F,Dante & miljonerna,3D,13.46,2026-03-20,2026.0,Animation,6.3,11.0
Toni Bowers,21840766,F,The Tour Story,3D,12.41,2026-01-04,2020.0,Documentary,,
Lisa Yates,69402473,F,Lanetli Miras: Yanlis Adres,Normal,7.0,2026-08-02,2023.0,"Horror,Thriller",3.0,11.0
Ashley Zuniga,10548555,F,The Bull Demon King Rises Again,Normal,7.05,2026-07-31,2023.0,"Adventure,Fantasy",,
Stacey Howell,18206023,F,Diner de sourds,Normal,6.46,2026-08-26,2021.0,,,
Christopher Miller,52152309,M,Hantu Polong,3D,13.68,2026-05-03,2024.0,Horror,6.8,55.0
Ryan Hall,62998694,M,Feel Your Heartbeat: The Film,3D,13.08,2026-06-22,2022.0,"Documentary,Music",7.8,8.0
Heather Savage,29969747,F,Horrible,3D,11.83,2025-10-11,2024.0,Drama,5.6,79.0
Christine Martinez,56244766,F,Maison Magique 2: The Hypno Crime,3D,13.96,2025-10-20,2021.0,"Animation,Crime,Drama",,
Jason Jordan,22278612,M,Manchester United vs Aston Villa,Normal,8.0,2026-08-20,2021.0,Sci-Fi,,
Tony Buchanan,42995453,M,Hur mycket vill du vinna? - Ferry Svans resa,3D,10.08,2026-04-29,2022.0,Documentary,,
Mary Walker,75781975,F,Dog Geniuses: The History of Dog Training,3D,12.84,2025-11-02,2021.0,Documentary,,
Jessica Holden,90791260,F,Shubh Raatri,Normal,7.24,2026-06-01,2020.0,Horror,4.7,86.0
Jessica Holden,90791260,F,Shubh Raatri,Normal,7.24,2026-06-01,2021.0,Drama,,
Kimberly Morris,66171714,F,Ex Nihilo: The Truth About Money,Normal,6.16,2026-05-10,2023.0,Documentary,,
Mark Myers,69511445,M,Beautiful Side of Love,3D,13.97,2026-06-07,2023.0,Drama,,
Natalie Roberts,49787742,F,Laura's Star,3D,13.57,2026-03-09,2021.0,Family,5.9,132.0
Jesus Miller,46328503,M,"Esme, My Love",Normal,8.01,2025-12-24,2022.0,"Drama,Horror,Mystery",3.9,132.0
Robert Williams,24500726,M,I'm Game,Normal,8.2,2026-08-09,2026.0,"Action,Crime,Thriller",6.4,4421.0
